"識別ID","回答日時","セグメント","タグ","オフィスで勤務していたときの標準的な生産性を「5」とすると、テレワーク時の生産性は何点ですか？ 0点～10点でお答えください。","NPS要因 - wifiなど業務遂行に十分な通信環境がある","NPS要因 - 机、椅子など、仕事がしやすい環境が自宅にある","NPS要因 - パソコン、プリンターなど業務に必要な機器が揃っている","NPS要因 - ウェブ会議やチャットツールなど業務に必要なツール・ソフトが揃っている","NPS要因 - 上司とのコミュニケーションは円滑に実施できている","NPS要因 - 同僚とのコミュニケーションは円滑に実施できている","NPS要因 - 顧客や社外関係者とのコミュニケーションは円滑に実施できている","NPS要因 - 業務量は適切である","NPS要因 - 適切な業務指示を受けている","NPS要因 - 自分の業務に対するフィードバック・評価をしっかり得られている","NPS要因 - 自身の業務はテレワークに対応しており、在宅でも遂行できている","NPS要因 - 会社は、自分の健康や安全に十分配慮している","NPS要因 - 会社は、自分の家族環境にも十分配慮している","NPS要因 - 情報セキュリティ対策を十分に行っている","NPS要因 - テレワークの環境整備など、施策実行が迅速だった","NPS要因 - 会社の業績は安定している","NPS要因 - 給与が安定して支払われている","NPS要因 -  プライベートと業務の切り替え、メリハリが上手く実施できている","平均すると、1週間で何日程度テレワークを実施していますか？","テレワークはどの程度前から実施していますか？最も近いものを選択してください。","あなたの性別を選択してください。","あなたの年代を選択してください。","あなたの勤続年数を選択してください。","あなたの役職を選択してください。","あなたの雇用形態を選択してください。","あなたの入社形態を選択してください。","あなたの所属部門に最も近いものを選択してください。","あなたは、現在の職場で働くことをを親しい友人や知人に、どの程度おすすめしたいと思いますか？ ※周囲に転職を検討されている友人・知人の方がいると仮定してお答えください。","IPアドレス","UserAgent"
"","2020/07/01 15:25:31","セグメントなし","","2","当てはまる","あまり当てはまらない","やや当てはまる","あまり当てはまらない","どちらでもない","あまり当てはまらない","あまり当てはまらない","あまり当てはまらない","どちらでもない","どちらでもない","どちらでもない","どちらでもない","あまり当てはまらない","あまり当てはまらない","あまり当てはまらない","あまり当てはまらない","やや当てはまる","当てはまらない","週3日程度","2ヶ月程度前","男性","30～39歳","10年以上～20年未満","プレイヤー（内勤系職種）","正社員","新卒","企画部門","4","116.91.141.68","Mozilla/5.0 (Windows NT 10.0; WOW64; Trident/7.0; rv:11.0) like Gecko"
"","2020/06/30 17:20:06","セグメントなし","","5;良い面・・・集中して業務を行う事ができる
悪い面・・・打合せ発生時、時間を要する傾向に有り","どちらでもない","やや当てはまる","どちらでもない","あまり当てはまらない","やや当てはまる","どちらでもない","あまり当てはまらない","やや当てはまる","あまり当てはまらない","あまり当てはまらない","当てはまらない","あまり当てはまらない","あまり当てはまらない","やや当てはまる","あまり当てはまらない","当てはまらない","やや当てはまる","あまり当てはまらない","週1日に満たない","2ヶ月程度前","男性","40～49歳","10年以上～20年未満","その他","正社員","新卒","その他部門","2","116.91.141.68","Mozilla/5.0 (Windows NT 10.0; WOW64; Trident/7.0; rv:11.0) like Gecko"
"","2020/06/30 00:00:36","セグメントなし","","2;自宅に通信環境がなく、早々に速度制限がかかってからは、画像をやり取りするなどのメールにとにかく時間がかかり、困った。プリンターなどもなく、印刷して確認しないといけないものができなくて困った。ZOOMもうまくつながらず、電話や個人のLINEトークを使用するなどがあった","当てはまらない","当てはまらない","当てはまらない","やや当てはまる","やや当てはまる","当てはまらない","あまり当てはまらない","どちらでもない","当てはまる","やや当てはまる","当てはまらない","やや当てはまる","どちらでもない","当てはまる","やや当てはまる","どちらでもない","当てはまる","あまり当てはまらない","週1日程度","3ヶ月程度前","女性","40～49歳","10年以上～20年未満","プレイヤー（内勤系職種）","正社員","中途","企画部門","5;合う人合わない人がいるとおもうので、強くもすすめないが、絶対にすすめない理由もない。","116.91.141.68","Mozilla/5.0 (Windows NT 10.0; WOW64; Trident/7.0; rv:11.0) like Gecko"
"","2020/06/29 20:38:38","セグメントなし","","7","当てはまる","当てはまる","やや当てはまる","当てはまる","やや当てはまる","やや当てはまる","どちらでもない","あまり当てはまらない","やや当てはまる","当てはまる","当てはまる","やや当てはまる","やや当てはまる","やや当てはまる","やや当てはまる","どちらでもない","やや当てはまる","あまり当てはまらない","週3日程度","2～3週間程度前","男性","20～29歳","半年未満","プレイヤー（内勤系職種）","正社員","新卒","マーケティング部門（広報も含む）","7;成長はできるが、その分残業などが多いため","116.91.141.68","Mozilla/5.0 (Windows NT 10.0; WOW64; Trident/7.0; rv:11.0) like Gecko"
"","2020/06/29 16:55:11","セグメントなし","","7;電話取次や来客対応が不要になったため（＋４点）
家庭のネットワーク回線速度がオフィスに比べると遅いため（－２点）
合計して＋２点にしました。","あまり当てはまらない","あまり当てはまらない","当てはまらない","当てはまる","やや当てはまる","やや当てはまる","どちらでもない","やや当てはまる","どちらでもない","どちらでもない","やや当てはまる","当てはまる","当てはまる","当てはまる","当てはまる","どちらでもない","どちらでもない","当てはまる","週2日程度","3ヶ月程度前","女性","30～39歳","半年未満","プレイヤー（内勤系職種）","契約社員（嘱託社員やパート・アルバイトなどを含む）","中途","総務部門","7","116.91.141.68","Mozilla/5.0 (Windows NT 10.0; Win64; x64) AppleWebKit/537.36 (KHTML, like Gecko) Chrome/83.0.4103.116 Safari/537.36"
"","2020/06/29 15:47:26","セグメントなし","","8","当てはまる","当てはまる","どちらでもない","当てはまる","どちらでもない","あまり当てはまらない","やや当てはまる","当てはまらない","あまり当てはまらない","どちらでもない","当てはまる","当てはまる","どちらでもない","あまり当てはまらない","どちらでもない","どちらでもない","どちらでもない","当てはまらない","週5日以上","2ヶ月程度前","男性","50～59歳","20年以上～","プレイヤー（内勤系職種）","正社員","中途","その他部門","5","116.91.141.68","Mozilla/5.0 (Macintosh; Intel Mac OS X 10_15_5) AppleWebKit/537.36 (KHTML, like Gecko) Chrome/83.0.4103.116 Safari/537.36"
"","2020/06/29 13:25:44","セグメントなし","","7","当てはまる","やや当てはまる","やや当てはまる","やや当てはまる","あまり当てはまらない","あまり当てはまらない","やや当てはまる","やや当てはまる","やや当てはまる","やや当てはまる","やや当てはまる","やや当てはまる","やや当てはまる","当てはまらない","あまり当てはまらない","当てはまらない","やや当てはまる","あまり当てはまらない","週4日程度","2ヶ月程度前","男性","30～39歳","10年以上～20年未満","プレイヤー（内勤系職種）","正社員","新卒","営業・販売部門（コンサルティングなどの顧客接点部門はこちらに含む）","6","116.91.141.68","Mozilla/5.0 (Windows NT 10.0; WOW64; Trident/7.0; rv:11.0) like Gecko"
"","2020/06/29 13:08:52","セグメントなし","","6","どちらでもない","当てはまる","やや当てはまる","当てはまる","あまり当てはまらない","やや当てはまる","どちらでもない","やや当てはまる","やや当てはまる","やや当てはまる","やや当てはまる","当てはまる","どちらでもない","やや当てはまる","やや当てはまる","どちらでもない","やや当てはまる","どちらでもない","週3日程度","1ヶ月程度前","男性","20～29歳","半年未満","プレイヤー（内勤系職種）","正社員","新卒","マーケティング部門（広報も含む）","6","116.91.141.68","Mozilla/5.0 (Windows NT 10.0; WOW64; Trident/7.0; rv:11.0) like Gecko"
"","2020/06/29 13:00:23","セグメントなし","","7;週1日だったので作業時間を分けて集中出来た。","当てはまる","やや当てはまる","やや当てはまる","当てはまる","当てはまらない","当てはまらない","当てはまる","あまり当てはまらない","当てはまる","当てはまる","あまり当てはまらない","やや当てはまる","やや当てはまる","やや当てはまる","当てはまる","当てはまらない","あまり当てはまらない","当てはまらない","週1日程度","2ヶ月程度前","男性","30～39歳","1年以上～3年未満","部長（複数の課のマネジメント）","正社員","中途","マーケティング部門（広報も含む）","5;事業構造と市場推移を俯瞰すると安定を求める人には勧められない。
改善しなきゃ死ぬと言う危機感を優秀な上が持ってコトに当たっているので、色々チャレンジして成長したい人には勧めたい。","126.182.96.78","Mozilla/5.0 (iPhone; CPU iPhone OS 13_5_1 like Mac OS X) AppleWebKit/605.1.15 (KHTML, like Gecko) Version/13.1.1 Mobile/15E148 Safari/604.1"
"","2020/06/29 11:33:52","セグメントなし","","5;話しかけられないので、作業が止まらず進みますが、逆に確認したいことがすぐに確認できないので、変わらないかと思います。
","当てはまる","あまり当てはまらない","当てはまる","当てはまる","どちらでもない","どちらでもない","どちらでもない","あまり当てはまらない","あまり当てはまらない","どちらでもない","あまり当てはまらない","どちらでもない","どちらでもない","どちらでもない","どちらでもない","当てはまらない","どちらでもない","あまり当てはまらない","週1日に満たない","2ヶ月程度前","男性","50～59歳","10年以上～20年未満","課長（複数のチームのマネジメント）","正社員","中途","システム部門","5;SNSが普及している中で、写真（プリント）が
生き延びていくのか不安なため。","126.247.116.201","Mozilla/5.0 (iPhone; CPU iPhone OS 13_3 like Mac OS X) AppleWebKit/605.1.15 (KHTML, like Gecko) CriOS/80.0.3987.95 Mobile/15E148 Safari/604.1"
"","2020/06/29 10:50:57","セグメントなし","","7;仲間内でちょっと聞きたいことが普段ならすぐに聞けるが電話になってしまうと
すぐにつながらなかったりという状況が良くある","当てはまらない","あまり当てはまらない","当てはまらない","あまり当てはまらない","あまり当てはまらない","あまり当てはまらない","あまり当てはまらない","やや当てはまる","どちらでもない","あまり当てはまらない","どちらでもない","あまり当てはまらない","どちらでもない","どちらでもない","どちらでもない","あまり当てはまらない","どちらでもない","当てはまらない","週2日程度","2ヶ月程度前","男性","40～49歳","20年以上～","プレイヤー（内勤系職種）","正社員","新卒","企画部門","3;自身が働き甲斐を感じていないので","116.91.141.68","Mozilla/5.0 (Windows NT 10.0; WOW64; Trident/7.0; rv:11.0) like Gecko"
"","2020/06/29 10:45:02","セグメントなし","","5","やや当てはまる","あまり当てはまらない","あまり当てはまらない","どちらでもない","どちらでもない","どちらでもない","どちらでもない","どちらでもない","どちらでもない","どちらでもない","どちらでもない","やや当てはまる","やや当てはまる","どちらでもない","やや当てはまる","当てはまらない","どちらでもない","やや当てはまる","週1日程度","2ヶ月程度前","男性","40～49歳","20年以上～","その他","正社員","新卒","営業・販売部門（コンサルティングなどの顧客接点部門はこちらに含む）","5","116.91.141.68","Mozilla/5.0 (Windows NT 10.0; Win64; x64) AppleWebKit/537.36 (KHTML, like Gecko) Chrome/70.0.3538.102 Safari/537.36 Edge/18.18363"
"","2020/06/29 10:43:12","セグメントなし","","4;他部署とのコミュニケーション不足を感じるため","当てはまる","やや当てはまる","やや当てはまる","当てはまる","やや当てはまる","やや当てはまる","どちらでもない","やや当てはまる","やや当てはまる","やや当てはまる","やや当てはまる","どちらでもない","どちらでもない","やや当てはまる","どちらでもない","あまり当てはまらない","当てはまる","やや当てはまる","週3日程度","3ヶ月程度前","男性","40～49歳","20年以上～","主任／リーダー（内勤系職種）","正社員","新卒","営業・販売部門（コンサルティングなどの顧客接点部門はこちらに含む）","3;利益の根幹である年賀状の状況で業績が大きく変わる、またその年賀状の将来性に不安があるため。","116.91.141.68","Mozilla/5.0 (Windows NT 10.0; Win64; x64; rv:76.0) Gecko/20100101 Firefox/76.0"
"","2020/06/29 10:08:49","セグメントなし","","7;自分の業務に集中しやすくなった
通勤の負担がなくなった","当てはまる","あまり当てはまらない","やや当てはまる","やや当てはまる","どちらでもない","どちらでもない","どちらでもない","どちらでもない","どちらでもない","どちらでもない","当てはまる","どちらでもない","どちらでもない","どちらでもない","どちらでもない","あまり当てはまらない","どちらでもない","どちらでもない","週4日程度","2ヶ月程度前","男性","40～49歳","5年以上～10年未満","主任／リーダー（内勤系職種）","契約社員（嘱託社員やパート・アルバイトなどを含む）","中途","システム部門","5","116.91.141.68","Mozilla/5.0 (Windows NT 10.0; Win64; x64) AppleWebKit/537.36 (KHTML, like Gecko) Chrome/83.0.4103.116 Safari/537.36"
"","2020/06/29 10:00:19","セグメントなし","","3","あまり当てはまらない","当てはまらない","当てはまる","どちらでもない","あまり当てはまらない","あまり当てはまらない","当てはまらない","あまり当てはまらない","あまり当てはまらない","あまり当てはまらない","当てはまらない","当てはまらない","あまり当てはまらない","あまり当てはまらない","やや当てはまる","当てはまらない","やや当てはまる","あまり当てはまらない","週1日に満たない","3ヶ月程度前","男性","40～49歳","20年以上～","取締役／役員","正社員","新卒","営業・販売部門（コンサルティングなどの顧客接点部門はこちらに含む）","5","116.91.141.68","Mozilla/5.0 (Windows NT 10.0; Win64; x64; rv:77.0) Gecko/20100101 Firefox/77.0"
"","2020/06/29 09:57:34","セグメントなし","","8","当てはまる","当てはまる","あまり当てはまらない","やや当てはまる","やや当てはまる","やや当てはまる","やや当てはまる","当てはまる","やや当てはまる","やや当てはまる","当てはまる","どちらでもない","どちらでもない","あまり当てはまらない","どちらでもない","当てはまらない","当てはまる","どちらでもない","週1日程度","2ヶ月程度前","女性","30～39歳","半年未満","主任／リーダー（内勤系職種）","その他","新卒","その他部門","5","116.91.141.68","Mozilla/5.0 (Windows NT 10.0; Win64; x64) AppleWebKit/537.36 (KHTML, like Gecko) Chrome/83.0.4103.116 Safari/537.36"
"","2020/06/29 09:41:20","セグメントなし","","5;大きく変わってはいないが、ニュアンスが伝わらないとき、進捗が悪い時など顔を合わせて
定期的に確認しています。","当てはまる","やや当てはまる","やや当てはまる","当てはまる","やや当てはまる","やや当てはまる","やや当てはまる","どちらでもない","当てはまる","当てはまる","やや当てはまる","当てはまる","どちらでもない","当てはまる","やや当てはまる","どちらでもない","やや当てはまる","当てはまる","週2日程度","2ヶ月程度前","男性","40～49歳","10年以上～20年未満","プレイヤー（内勤系職種）","正社員","新卒","システム部門","8;比較は単純にはできないが、やりがいがあり、会社、上司のサポートには満足している","116.91.141.68","Mozilla/5.0 (Windows NT 10.0; WOW64; Trident/7.0; rv:11.0) like Gecko"
"","2020/06/26 12:09:14","セグメントなし","","4;商品を見ながら打ち合わせができないので難しい場合がある","どちらでもない","あまり当てはまらない","当てはまらない","どちらでもない","やや当てはまる","やや当てはまる","あまり当てはまらない","あまり当てはまらない","当てはまる","やや当てはまる","当てはまる","やや当てはまる","やや当てはまる","やや当てはまる","やや当てはまる","あまり当てはまらない","どちらでもない","どちらでもない","週3日程度","3ヶ月程度前","男性","30～39歳","10年以上～20年未満","プレイヤー（内勤系職種）","正社員","新卒","営業・販売部門（コンサルティングなどの顧客接点部門はこちらに含む）","6","116.91.141.68","Mozilla/5.0 (Windows NT 10.0; Win64; x64) AppleWebKit/537.36 (KHTML, like Gecko) Chrome/70.0.3538.102 Safari/537.36 Edge/18.18363"
"","2020/06/25 16:15:28","セグメントなし","","3","やや当てはまる","やや当てはまる","どちらでもない","どちらでもない","当てはまらない","あまり当てはまらない","当てはまらない","どちらでもない","どちらでもない","どちらでもない","やや当てはまる","どちらでもない","どちらでもない","どちらでもない","当てはまる","どちらでもない","当てはまる","どちらでもない","週1日程度","2ヶ月程度前","男性","40～49歳","10年以上～20年未満","主任／リーダー（内勤系職種）","正社員","新卒","人事部門","5","116.91.141.68","Mozilla/5.0 (Windows NT 10.0; WOW64; Trident/7.0; rv:11.0) like Gecko"
"","2020/06/24 17:13:49","セグメントなし","","4;静かな環境で集中は出来るようになったものの
細かな確認などにラグが生じる。","当てはまる","やや当てはまる","あまり当てはまらない","やや当てはまる","どちらでもない","あまり当てはまらない","やや当てはまる","あまり当てはまらない","あまり当てはまらない","どちらでもない","どちらでもない","やや当てはまる","やや当てはまる","やや当てはまる","やや当てはまる","あまり当てはまらない","やや当てはまる","あまり当てはまらない","週4日程度","3ヶ月程度前","男性","30～39歳","5年以上～10年未満","主任／リーダー（内勤系職種）","正社員","中途","営業・販売部門（コンサルティングなどの顧客接点部門はこちらに含む）","3;無回答","116.91.141.68","Mozilla/5.0 (Windows NT 10.0; Win64; x64; rv:77.0) Gecko/20100101 Firefox/77.0"
"","2020/06/24 16:26:44","セグメントなし","","7;①通勤時間も勤務時間にあてられる
②データ作成などコミュニケーションが必要ない業務は集中力が保たれる
③日々の業務の組み立てにメリハリがつく
（コミュニケーションや即時連携が必要な日は出社、集中して資料を作りたい日はテレワークなど）","当てはまる","当てはまる","当てはまる","当てはまる","やや当てはまる","やや当てはまる","やや当てはまる","やや当てはまる","やや当てはまる","やや当てはまる","やや当てはまる","当てはまる","当てはまる","当てはまらない","当てはまらない","当てはまらない","やや当てはまる","やや当てはまる","週3日程度","2ヶ月程度前","女性","30～39歳","10年以上～20年未満","プレイヤー（内勤系職種）","正社員","中途","人事部門","7;事業内容、社風、福利厚生、働いている人の人柄は魅力がある。
しかし、制度面、業績面を考えると強く勧めることはできない。","116.91.141.68","Mozilla/5.0 (Windows NT 10.0; Win64; x64) AppleWebKit/537.36 (KHTML, like Gecko) Chrome/83.0.4103.106 Safari/537.36"
"","2020/06/24 16:18:31","セグメントなし","","8;仕事は非常に捗りますが、チェックや確認が遅くなると判断します。
また会議の電波状況で音が聞き取れない時もあり不便さも感じました。
個人としては黙々と仕事ができるため継続してほしいです。","当てはまる","当てはまる","当てはまる","当てはまる","やや当てはまる","やや当てはまる","あまり当てはまらない","当てはまる","やや当てはまる","やや当てはまる","当てはまる","やや当てはまる","やや当てはまる","やや当てはまる","やや当てはまる","どちらでもない","やや当てはまる","やや当てはまる","週1日程度","2ヶ月程度前","男性","40～49歳","20年以上～","部長（複数の課のマネジメント）","正社員","新卒","営業・販売部門（コンサルティングなどの顧客接点部門はこちらに含む）","8;非常に社風が開けてて意見を述べやすい会社だと思います。
成果がマストですが、プロセスもしっかり評価してくれます。
若い力がさらに入ってきて活力になっていただきたいです。
もっと大きく転換する時期が必ずきます。
どんなことがあっても耐えしのぎながら更なる発展拡大ができる会社になっていける会社だと思います。","116.91.141.68","Mozilla/5.0 (Windows NT 10.0; Win64; x64) AppleWebKit/537.36 (KHTML, like Gecko) Chrome/64.0.3282.140 Safari/537.36 Edge/18.17763"
"","2020/06/24 14:01:03","セグメントなし","","8;周りの声を気にすることもなく、粛々と作業ができ、
仕事の精度も上がったように感じます。

また、不要な会議がなくなりました。

連絡は、zoomのチャットで行うため、文字として残ります。
それにより、伝達ミス、忘れてしまうという事がなく、とても便利です。

メールは大量にCCが来るので、見過ごしてしまいますが、
zoomは各担当ごとに分けられているのでその点も解消されています。","当てはまる","当てはまる","やや当てはまる","当てはまる","やや当てはまる","やや当てはまる","やや当てはまる","あまり当てはまらない","当てはまる","やや当てはまる","当てはまる","当てはまる","当てはまる","やや当てはまる","あまり当てはまらない","当てはまらない","やや当てはまる","やや当てはまる","週5日以上","2ヶ月程度前","女性","40～49歳","10年以上～20年未満","プレイヤー（内勤系職種）","契約社員（嘱託社員やパート・アルバイトなどを含む）","中途","マーケティング部門（広報も含む）","4;仕事に対する報酬が少ないと感じるため。
会社として業績が奮わないため。","116.91.141.68","Mozilla/5.0 (Windows NT 10.0; Win64; x64) AppleWebKit/537.36 (KHTML, like Gecko) Chrome/83.0.4103.116 Safari/537.36"
"","2020/06/24 10:17:53","セグメントなし","","7;打ち合わせをスムーズにできない面もあるが、基本的には周りを気にすることなく集中して考えることができるため個人的には生産性は上がっていると感じる","当てはまる","やや当てはまる","やや当てはまる","やや当てはまる","どちらでもない","どちらでもない","やや当てはまる","どちらでもない","どちらでもない","あまり当てはまらない","どちらでもない","どちらでもない","どちらでもない","やや当てはまる","やや当てはまる","どちらでもない","どちらでもない","あまり当てはまらない","週3日程度","2ヶ月程度前","男性","40～49歳","20年以上～","その他","正社員","中途","企画部門","5","116.91.141.68","Mozilla/5.0 (Windows NT 10.0; WOW64; Trident/7.0; rv:11.0) like Gecko"
"","2020/06/24 10:00:51","セグメントなし","","6","どちらでもない","どちらでもない","どちらでもない","どちらでもない","やや当てはまる","どちらでもない","どちらでもない","どちらでもない","あまり当てはまらない","どちらでもない","当てはまる","あまり当てはまらない","やや当てはまる","どちらでもない","当てはまらない","どちらでもない","どちらでもない","やや当てはまる","週5日以上","3ヶ月程度前","女性","40～49歳","1年以上～3年未満","プレイヤー（内勤系職種）","契約社員（嘱託社員やパート・アルバイトなどを含む）","中途","マーケティング部門（広報も含む）","3","116.91.141.68","Mozilla/5.0 (Windows NT 10.0; Win64; x64) AppleWebKit/537.36 (KHTML, like Gecko) Chrome/83.0.4103.106 Safari/537.36"
"","2020/06/24 07:56:20","セグメントなし","","8;テレワークの方が自分の仕事に集中できて生産性は高まったが、部署内の従業者とのコミュニケーションの取りづらさは感じることがあるためその分減点しました。","当てはまる","やや当てはまる","当てはまらない","当てはまる","やや当てはまる","やや当てはまる","あまり当てはまらない","あまり当てはまらない","どちらでもない","やや当てはまる","当てはまる","やや当てはまる","やや当てはまる","やや当てはまる","当てはまる","当てはまらない","やや当てはまる","やや当てはまる","週1日程度","2ヶ月程度前","女性","40～49歳","10年以上～20年未満","主任／リーダー（内勤系職種）","正社員","新卒","人事部門","1;写真業界を取り巻く外部環境が以前から厳しかった上に、新型コロナウィルスの感染拡大により業績が悪化したため","116.91.141.68","Mozilla/5.0 (Windows NT 10.0; WOW64; Trident/7.0; rv:11.0) like Gecko"
"","2020/06/24 06:17:12","セグメントなし","","6;オフィスにいる際とそれ程仕事の進み具合に変化はなかった為","当てはまる","当てはまる","やや当てはまる","当てはまる","やや当てはまる","やや当てはまる","やや当てはまる","やや当てはまる","やや当てはまる","当てはまる","あまり当てはまらない","やや当てはまる","当てはまる","やや当てはまる","どちらでもない","どちらでもない","やや当てはまる","やや当てはまる","週1日程度","2ヶ月程度前","女性","30～39歳","5年以上～10年未満","プレイヤー（内勤系職種）","正社員","新卒","人事部門","7;社風として上下の壁がない部分や事業の価値が高いと感じる為。
正社員であると全国転勤になるので、その点は家族がいる友人には困難に感じる。","116.91.141.68","Mozilla/5.0 (Windows NT 10.0; WOW64; Trident/7.0; rv:11.0) like Gecko"
"","2020/06/23 17:17:33","セグメントなし","","5;会社運営の最低限の仕事をという事だったので、その部分の仕事に関して作業時間等は変わらなかった為","当てはまる","あまり当てはまらない","あまり当てはまらない","やや当てはまる","あまり当てはまらない","あまり当てはまらない","あまり当てはまらない","どちらでもない","どちらでもない","どちらでもない","どちらでもない","どちらでもない","どちらでもない","やや当てはまる","当てはまる","当てはまらない","当てはまる","当てはまらない","週2日程度","3ヶ月程度前","男性","30～39歳","10年以上～20年未満","プレイヤー（内勤系職種）","正社員","新卒","人事部門","0;そもそも、中途採用を停止している為","116.91.141.68","Mozilla/5.0 (Windows NT 10.0; WOW64; Trident/7.0; rv:11.0) like Gecko"
"","2020/06/23 16:35:41","セグメントなし","","3;移動に要する時間が短縮されるため、やり方次第では生産性は上がると考えますが、
会社の働き方自体が依然と大きく変わらないため、事務所に行かないとできない業務がまだまだあり、現時点では生産性が落ちていると思います。","やや当てはまる","やや当てはまる","やや当てはまる","どちらでもない","やや当てはまる","やや当てはまる","やや当てはまる","やや当てはまる","やや当てはまる","やや当てはまる","どちらでもない","やや当てはまる","やや当てはまる","あまり当てはまらない","当てはまらない","当てはまらない","どちらでもない","あまり当てはまらない","週1日に満たない","2ヶ月程度前","男性","40～49歳","20年以上～","部長（複数の課のマネジメント）","正社員","中途","企画部門","4;会社はとても良い会社ですが、業界は大変厳しいため","116.91.141.68","Mozilla/5.0 (Windows NT 10.0; WOW64; Trident/7.0; rv:11.0) like Gecko"
"","2020/06/23 16:13:14","セグメントなし","","5","どちらでもない","やや当てはまる","どちらでもない","やや当てはまる","当てはまらない","やや当てはまる","やや当てはまる","やや当てはまる","どちらでもない","あまり当てはまらない","当てはまる","どちらでもない","どちらでもない","あまり当てはまらない","どちらでもない","どちらでもない","どちらでもない","どちらでもない","週4日程度","3ヶ月程度前","男性","30～39歳","5年以上～10年未満","プレイヤー（内勤系職種）","正社員","中途","その他部門","3","116.91.141.68","Mozilla/5.0 (Windows NT 10.0; Win64; x64) AppleWebKit/537.36 (KHTML, like Gecko) Chrome/83.0.4103.106 Safari/537.36"
"","2020/06/23 16:10:45","セグメントなし","","2;オフィスで実機（PCなどのハードウェア）を使用しないとできない業務が過半のため","やや当てはまる","どちらでもない","どちらでもない","やや当てはまる","どちらでもない","どちらでもない","あまり当てはまらない","あまり当てはまらない","どちらでもない","どちらでもない","当てはまらない","あまり当てはまらない","あまり当てはまらない","やや当てはまる","どちらでもない","当てはまらない","あまり当てはまらない","あまり当てはまらない","週1日に満たない","2ヶ月程度前","男性","40～49歳","20年以上～","プレイヤー（内勤系職種）","正社員","中途","技術・研究開発部門","2","116.91.141.68","Mozilla/5.0 (Windows NT 10.0; Win64; x64) AppleWebKit/537.36 (KHTML, like Gecko) Chrome/83.0.4103.61 Safari/537.36"
"","2020/06/23 14:13:44","セグメントなし","","4","当てはまる","やや当てはまる","あまり当てはまらない","当てはまらない","やや当てはまる","どちらでもない","あまり当てはまらない","やや当てはまる","どちらでもない","どちらでもない","やや当てはまる","どちらでもない","どちらでもない","やや当てはまる","やや当てはまる","あまり当てはまらない","当てはまる","どちらでもない","週3日程度","2ヶ月程度前","男性","30～39歳","10年以上～20年未満","その他","正社員","新卒","その他部門","3","116.91.141.68","Mozilla/5.0 (Windows NT 10.0; Win64; x64) AppleWebKit/537.36 (KHTML, like Gecko) Chrome/64.0.3282.140 Safari/537.36 Edge/18.17763"
"","2020/06/23 10:36:27","セグメントなし","","5","あまり当てはまらない","あまり当てはまらない","当てはまらない","どちらでもない","どちらでもない","どちらでもない","どちらでもない","どちらでもない","どちらでもない","どちらでもない","どちらでもない","どちらでもない","どちらでもない","どちらでもない","どちらでもない","どちらでもない","どちらでもない","どちらでもない","週1日に満たない","2ヶ月程度前","女性","30～39歳","1年以上～3年未満","プレイヤー（内勤系職種）","契約社員（嘱託社員やパート・アルバイトなどを含む）","中途","総務部門","5","116.91.141.68","Mozilla/5.0 (Windows NT 10.0; Win64; x64) AppleWebKit/537.36 (KHTML, like Gecko) Chrome/83.0.4103.106 Safari/537.36"
"","2020/06/23 10:10:46","セグメントなし","","7;新横浜では周りが気になってしまうことが多く感じていたが、自分以外誰もいない環境の方が集中できました。","あまり当てはまらない","あまり当てはまらない","やや当てはまる","やや当てはまる","当てはまる","当てはまる","どちらでもない","どちらでもない","やや当てはまる","どちらでもない","当てはまる","当てはまる","やや当てはまる","やや当てはまる","どちらでもない","どちらでもない","どちらでもない","当てはまる","週4日程度","2ヶ月程度前","男性","30～39歳","半年未満","プレイヤー（内勤系職種）","契約社員（嘱託社員やパート・アルバイトなどを含む）","中途","営業・販売部門（コンサルティングなどの顧客接点部門はこちらに含む）","3;ある程度のパソコンスキルや専門的な知識が必要で、得手不得手がある為、すべての人におすすめすることは難しいと考えます。","116.91.141.68","Mozilla/5.0 (Windows NT 10.0; Win64; x64) AppleWebKit/537.36 (KHTML, like Gecko) Chrome/83.0.4103.106 Safari/537.36"
"","2020/06/23 09:51:33","セグメントなし","","5;集中して仕事をできるメリットと人に会えない不便さのデメリット（テレワークというかコロナの影響ですが）があるため","やや当てはまる","やや当てはまる","やや当てはまる","やや当てはまる","当てはまる","やや当てはまる","あまり当てはまらない","どちらでもない","どちらでもない","やや当てはまる","やや当てはまる","当てはまる","当てはまる","当てはまる","当てはまる","当てはまらない","やや当てはまる","やや当てはまる","週2日程度","3ヶ月程度前","男性","30～39歳","10年以上～20年未満","主任／リーダー（内勤系職種）","正社員","新卒","営業・販売部門（コンサルティングなどの顧客接点部門はこちらに含む）","3;働きやすい環境はあるが、コロナの影響で業績が落ちているため","116.91.141.68","Mozilla/5.0 (Windows NT 10.0; WOW64; Trident/7.0; rv:11.0) like Gecko"
"","2020/06/23 09:25:10","セグメントなし","","4;通信環境の不安定さで重いファイルを開くときの待ち時間が増えた
コミュニケーション不足が発生している場合も多少あり","当てはまらない","やや当てはまる","やや当てはまる","当てはまる","どちらでもない","どちらでもない","どちらでもない","やや当てはまる","やや当てはまる","どちらでもない","当てはまる","やや当てはまる","当てはまる","どちらでもない","どちらでもない","どちらでもない","当てはまる","あまり当てはまらない","週5日以上","3ヶ月程度前","女性","40～49歳","10年以上～20年未満","プレイヤー（内勤系職種）","契約社員（嘱託社員やパート・アルバイトなどを含む）","中途","その他部門","5","116.91.141.68","Mozilla/5.0 (Windows NT 10.0; Win64; x64) AppleWebKit/537.36 (KHTML, like Gecko) Chrome/83.0.4103.106 Safari/537.36"
"","2020/06/23 09:21:14","セグメントなし","","5;所属部門転換に伴い業務内容も変わったので比較しにくいのですが、自宅でのほうが眠くならなかったり、周辺の声が気にならなかったりするので、オフィス勤務時よりも業務に取り組む環境が快適です","当てはまる","どちらでもない","当てはまらない","当てはまる","どちらでもない","やや当てはまる","どちらでもない","当てはまる","当てはまる","どちらでもない","どちらでもない","やや当てはまる","どちらでもない","やや当てはまる","当てはまる","どちらでもない","当てはまる","あまり当てはまらない","週5日以上","3ヶ月程度前","女性","30～39歳","半年以上～1年未満","プレイヤー（内勤系職種）","正社員","中途","その他部門","5;業界自体が加速的に縮小傾向である点が最大のネック。。。会社としては挑戦・変化が当たり前という文化は素晴らしく、従業員を守るという姿勢に本当に感謝しています。生き残りをかけたこれから変化もとても楽しみです。","116.91.141.68","Mozilla/5.0 (Windows NT 10.0; Win64; x64) AppleWebKit/537.36 (KHTML, like Gecko) Chrome/83.0.4103.97 Safari/537.36"
"","2020/06/23 08:58:54","セグメントなし","","6;業務以外の雑談をすることがなくなったので業務に集中しやすくなった。(集中したい業務中に話しかけられる方が生産性が低くなる)","当てはまる","当てはまる","当てはまる","やや当てはまる","やや当てはまる","やや当てはまる","どちらでもない","どちらでもない","やや当てはまる","どちらでもない","当てはまる","当てはまる","当てはまる","当てはまる","当てはまる","やや当てはまる","やや当てはまる","やや当てはまる","週2日程度","3ヶ月程度前","女性","30～39歳","半年未満","プレイヤー（内勤系職種）","契約社員（嘱託社員やパート・アルバイトなどを含む）","中途","営業・販売部門（コンサルティングなどの顧客接点部門はこちらに含む）","7;過度な業務を与えず、オンオフはしっかりしている。社員はパート・アルバイトのことをしっかり見てくれていると思う。","116.91.141.68","Mozilla/5.0 (Windows NT 10.0; WOW64) AppleWebKit/537.36 (KHTML, like Gecko) Chrome/83.0.4103.106 Safari/537.36"
"","2020/06/23 00:00:42","セグメントなし","","3;・上司への確認へのタイムラグが発生しやすい
・ネット環境が安定しないため、データの取り込みに時間が掛かる
","あまり当てはまらない","どちらでもない","あまり当てはまらない","あまり当てはまらない","あまり当てはまらない","あまり当てはまらない","どちらでもない","当てはまらない","当てはまらない","どちらでもない","あまり当てはまらない","当てはまらない","当てはまらない","どちらでもない","当てはまらない","あまり当てはまらない","あまり当てはまらない","当てはまらない","週2日程度","2ヶ月程度前","女性","20～29歳","5年以上～10年未満","プレイヤー（内勤系職種）","正社員","新卒","営業・販売部門（コンサルティングなどの顧客接点部門はこちらに含む）","3","116.91.141.68","Mozilla/5.0 (Windows NT 10.0; WOW64; Trident/7.0; rv:11.0) like Gecko"
"","2020/06/22 22:50:41","セグメントなし","","4;上長のフィードバックに時間がかかるため。
業務における作業自体には不都合はありません。","あまり当てはまらない","当てはまる","当てはまる","当てはまる","あまり当てはまらない","あまり当てはまらない","どちらでもない","当てはまる","当てはまる","あまり当てはまらない","やや当てはまる","当てはまる","当てはまる","当てはまる","当てはまる","当てはまらない","当てはまる","当てはまらない","週3日程度","2ヶ月程度前","男性","20～29歳","5年以上～10年未満","プレイヤー（内勤系職種）","正社員","新卒","その他部門","0;・一般社会に通用するスキルを身につけられるのは限られた部署のみのため。
・現在の会社状況がいつまで続くか不明のため
","116.91.141.68","Mozilla/5.0 (Windows NT 10.0; WOW64; Trident/7.0; rv:11.0) like Gecko"
"","2020/06/22 18:42:07","セグメントなし","","4;書斎の様な物が自宅になく、机や椅子などが仕事に適した環境ではない。
今後もテレワークがある程度継続するのであれば、それらを揃えようと考えています","当てはまる","あまり当てはまらない","どちらでもない","やや当てはまる","やや当てはまる","どちらでもない","どちらでもない","やや当てはまる","当てはまる","当てはまる","やや当てはまる","当てはまる","当てはまる","やや当てはまる","どちらでもない","どちらでもない","どちらでもない","やや当てはまる","週3日程度","2ヶ月程度前","男性","30～39歳","10年以上～20年未満","プレイヤー（内勤系職種）","正社員","中途","企画部門","5;会社から社員への待遇は悪くないと思うが、写真業界そのものの将来性を考えるとお勧めはしかねる","116.91.141.68","Mozilla/5.0 (Windows NT 10.0; WOW64; Trident/7.0; rv:11.0) like Gecko"
"","2020/06/22 18:19:29","セグメントなし","","3","やや当てはまる","当てはまらない","当てはまらない","やや当てはまる","どちらでもない","あまり当てはまらない","当てはまらない","やや当てはまる","どちらでもない","どちらでもない","あまり当てはまらない","やや当てはまる","どちらでもない","どちらでもない","どちらでもない","当てはまらない","あまり当てはまらない","あまり当てはまらない","週3日程度","2ヶ月程度前","男性","30～39歳","10年以上～20年未満","主任／リーダー（内勤系職種）","正社員","中途","企画部門","5","116.91.141.68","Mozilla/5.0 (Windows NT 10.0; Win64; x64) AppleWebKit/537.36 (KHTML, like Gecko) Chrome/83.0.4103.106 Safari/537.36"
"","2020/06/22 18:05:49","セグメントなし","","2;上司に必ず確認しなければならない業務が多々ありますが、すぐに確認できない。
また電話もつながりにくいため、生産性は落ちたと思います。","やや当てはまる","やや当てはまる","あまり当てはまらない","あまり当てはまらない","あまり当てはまらない","どちらでもない","やや当てはまる","どちらでもない","あまり当てはまらない","あまり当てはまらない","どちらでもない","やや当てはまる","あまり当てはまらない","やや当てはまる","やや当てはまる","当てはまらない","あまり当てはまらない","あまり当てはまらない","週4日程度","3ヶ月程度前","女性","20～29歳","3年以上～5年未満","プレイヤー（内勤系職種）","契約社員（嘱託社員やパート・アルバイトなどを含む）","中途","営業・販売部門（コンサルティングなどの顧客接点部門はこちらに含む）","4;福利厚生はしっかりしていると思うので。
お給料の点で、あまり進める気持ちのはならないです。
丁度転職をする友人が居り、最低の年収等、条件を聞かせてくれましたが、
友人の思う普通とは離れているようでした。","116.91.141.68","Mozilla/5.0 (Windows NT 10.0; Win64; x64; rv:76.0) Gecko/20100101 Firefox/76.0"
"","2020/06/22 17:47:19","セグメントなし","","4","当てはまる","あまり当てはまらない","当てはまらない","やや当てはまる","あまり当てはまらない","あまり当てはまらない","あまり当てはまらない","やや当てはまる","やや当てはまる","やや当てはまる","あまり当てはまらない","やや当てはまる","あまり当てはまらない","やや当てはまる","やや当てはまる","あまり当てはまらない","やや当てはまる","やや当てはまる","週1日に満たない","3ヶ月程度前","男性","50～59歳","20年以上～","課長（複数のチームのマネジメント）","正社員","中途","営業・販売部門（コンサルティングなどの顧客接点部門はこちらに含む）","3","116.91.141.68","Mozilla/5.0 (Windows NT 10.0; Win64; x64) AppleWebKit/537.36 (KHTML, like Gecko) Chrome/64.0.3282.140 Safari/537.36 Edge/18.17763"
"","2020/06/22 17:36:56","セグメントなし","","5","当てはまる","やや当てはまる","やや当てはまる","やや当てはまる","どちらでもない","どちらでもない","やや当てはまる","やや当てはまる","どちらでもない","どちらでもない","やや当てはまる","当てはまる","やや当てはまる","やや当てはまる","やや当てはまる","どちらでもない","やや当てはまる","やや当てはまる","週4日程度","2ヶ月程度前","男性","40～49歳","1年以上～3年未満","課長（複数のチームのマネジメント）","正社員","中途","システム部門","5","116.91.141.68","Mozilla/5.0 (Windows NT 10.0; Win64; x64) AppleWebKit/537.36 (KHTML, like Gecko) Chrome/83.0.4103.106 Safari/537.36"
"","2020/06/22 17:25:43","セグメントなし","","5;メール確認や資料作りの時間はさほど変わりません。","当てはまる","どちらでもない","どちらでもない","どちらでもない","どちらでもない","どちらでもない","あまり当てはまらない","どちらでもない","やや当てはまる","当てはまる","どちらでもない","どちらでもない","どちらでもない","どちらでもない","やや当てはまる","どちらでもない","あまり当てはまらない","どちらでもない","週1日に満たない","2ヶ月程度前","男性","40～49歳","20年以上～","本部長／事業部長","その他","新卒","営業・販売部門（コンサルティングなどの顧客接点部門はこちらに含む）","7;写真に関わる様々な仕事があるから","116.91.141.68","Mozilla/5.0 (Windows NT 10.0; WOW64; Trident/7.0; rv:11.0) like Gecko"
"","2020/06/22 17:21:17","セグメントなし","","3;押印、原本印刷、スキャン、現物受取の出社等、在宅でははかどらない業務が多々ある。","あまり当てはまらない","当てはまらない","あまり当てはまらない","あまり当てはまらない","あまり当てはまらない","あまり当てはまらない","どちらでもない","あまり当てはまらない","当てはまらない","当てはまらない","当てはまらない","どちらでもない","当てはまらない","どちらでもない","どちらでもない","どちらでもない","あまり当てはまらない","どちらでもない","週2日程度","2ヶ月程度前","男性","40～49歳","10年以上～20年未満","主任／リーダー（内勤系職種）","正社員","中途","営業・販売部門（コンサルティングなどの顧客接点部門はこちらに含む）","5;在宅勤務が現在はあくまでコロナ対策の暫定措置との位置づけのようなので、長期的の継続なのかが分からず、良い悪いの判断には至らないと思います。","116.91.141.68","Mozilla/5.0 (Windows NT 10.0; Win64; x64) AppleWebKit/537.36 (KHTML, like Gecko) Chrome/83.0.4103.106 Safari/537.36"
"","2020/06/22 17:13:50","セグメントなし","","4;慣れの問題もあるかと思いますが、コミュニケーションのスピードがどうしても落ちてしまう部分は感じる。","あまり当てはまらない","あまり当てはまらない","あまり当てはまらない","あまり当てはまらない","どちらでもない","やや当てはまる","あまり当てはまらない","どちらでもない","どちらでもない","どちらでもない","どちらでもない","どちらでもない","当てはまらない","あまり当てはまらない","あまり当てはまらない","当てはまらない","当てはまる","当てはまらない","週1日に満たない","2ヶ月程度前","男性","40～49歳","10年以上～20年未満","課長（複数のチームのマネジメント）","正社員","新卒","営業・販売部門（コンサルティングなどの顧客接点部門はこちらに含む）","5","116.91.141.68","Mozilla/5.0 (Windows NT 10.0; WOW64; Trident/7.0; rv:11.0) like Gecko"
"","2020/06/22 17:07:44","セグメントなし","","5;決まった仕事をこなしていく分には、テレワークのほうが生産性が高いですが、議論して決めるような業務であれば、オフィス勤務のほうが、生産性が良いと思います。","やや当てはまる","あまり当てはまらない","あまり当てはまらない","当てはまる","当てはまる","やや当てはまる","どちらでもない","当てはまる","当てはまる","当てはまる","どちらでもない","当てはまる","当てはまる","当てはまる","やや当てはまる","当てはまらない","当てはまる","当てはまる","週1日程度","3ヶ月程度前","男性","40～49歳","10年以上～20年未満","その他","正社員","新卒","営業・販売部門（コンサルティングなどの顧客接点部門はこちらに含む）","10;職場の環境が常によいため。","116.91.141.68","Mozilla/5.0 (Windows NT 10.0; WOW64; Trident/7.0; rv:11.0) like Gecko"
"","2020/06/22 16:59:43","セグメントなし","","8;週１日のＭＴＧは必要、それ以外は、ＰＣがあればできることは多い","やや当てはまる","当てはまる","やや当てはまる","やや当てはまる","やや当てはまる","やや当てはまる","やや当てはまる","やや当てはまる","やや当てはまる","やや当てはまる","やや当てはまる","やや当てはまる","やや当てはまる","どちらでもない","やや当てはまる","どちらでもない","あまり当てはまらない","やや当てはまる","週4日程度","3ヶ月程度前","男性","40～49歳","10年以上～20年未満","その他","正社員","新卒","営業・販売部門（コンサルティングなどの顧客接点部門はこちらに含む）","8;通勤時間の有効活用","116.91.141.68","Mozilla/5.0 (Windows NT 10.0; Win64; x64) AppleWebKit/537.36 (KHTML, like Gecko) Chrome/64.0.3282.140 Safari/537.36 Edge/18.17763"
"","2020/06/22 16:17:30","セグメントなし","","5","あまり当てはまらない","当てはまらない","当てはまる","当てはまる","どちらでもない","やや当てはまる","やや当てはまる","あまり当てはまらない","あまり当てはまらない","どちらでもない","どちらでもない","あまり当てはまらない","あまり当てはまらない","どちらでもない","あまり当てはまらない","当てはまらない","あまり当てはまらない","どちらでもない","週4日程度","2ヶ月程度前","女性","20～29歳","3年以上～5年未満","プレイヤー（内勤系職種）","正社員","新卒","システム部門","1","116.91.141.68","Mozilla/5.0 (Windows NT 10.0; Win64; x64) AppleWebKit/537.36 (KHTML, like Gecko) Chrome/83.0.4103.106 Safari/537.36"
"","2020/06/22 15:51:51","セグメントなし","","6;とくに、会議が手短になったことで打ち合わせが減り作業できる時間が増えた。
しかし、小さな質問や少人数の意見交換がしづらくなりレスポンスが遅くなった。","やや当てはまる","やや当てはまる","あまり当てはまらない","やや当てはまる","やや当てはまる","あまり当てはまらない","やや当てはまる","どちらでもない","やや当てはまる","どちらでもない","やや当てはまる","当てはまる","あまり当てはまらない","あまり当てはまらない","あまり当てはまらない","当てはまらない","やや当てはまる","あまり当てはまらない","週4日程度","3ヶ月程度前","女性","20～29歳","5年以上～10年未満","プレイヤー（内勤系職種）","正社員","新卒","営業・販売部門（コンサルティングなどの顧客接点部門はこちらに含む）","7;休業補償がパートでも出るのは素晴らしいと思います","116.91.141.68","Mozilla/5.0 (Windows NT 10.0; WOW64; Trident/7.0; Touch; rv:11.0) like Gecko"
"","2020/06/22 15:46:29","セグメントなし","","5","当てはまる","どちらでもない","やや当てはまる","やや当てはまる","当てはまる","どちらでもない","どちらでもない","やや当てはまる","やや当てはまる","やや当てはまる","やや当てはまる","どちらでもない","どちらでもない","どちらでもない","やや当てはまる","当てはまらない","当てはまる","どちらでもない","週4日程度","2ヶ月程度前","男性","30～39歳","10年以上～20年未満","プレイヤー（外勤系職種）","正社員","中途","営業・販売部門（コンサルティングなどの顧客接点部門はこちらに含む）","7","116.91.141.68","Mozilla/5.0 (Windows NT 10.0; Win64; x64) AppleWebKit/537.36 (KHTML, like Gecko) Chrome/64.0.3282.140 Safari/537.36 Edge/18.17763"
"","2020/06/22 15:34:11","セグメントなし","","5;メリットとデメリットで相殺。メリット＝通勤時間が減った。デメリット＝急な打ち合わせがしにくい。","当てはまる","やや当てはまる","あまり当てはまらない","当てはまる","あまり当てはまらない","あまり当てはまらない","あまり当てはまらない","どちらでもない","どちらでもない","どちらでもない","どちらでもない","当てはまる","当てはまる","やや当てはまる","やや当てはまる","やや当てはまる","どちらでもない","どちらでもない","週1日程度","2ヶ月程度前","男性","40～49歳","20年以上～","本部長／事業部長","その他","新卒","営業・販売部門（コンサルティングなどの顧客接点部門はこちらに含む）","6;根本的には、人に優しい企業だと思うから","116.91.141.68","Mozilla/5.0 (Windows NT 10.0; WOW64; Trident/7.0; rv:11.0) like Gecko"
"","2020/06/22 15:23:22","セグメントなし","","8","やや当てはまる","当てはまる","あまり当てはまらない","やや当てはまる","どちらでもない","当てはまらない","どちらでもない","どちらでもない","どちらでもない","あまり当てはまらない","当てはまる","どちらでもない","やや当てはまる","どちらでもない","どちらでもない","あまり当てはまらない","やや当てはまる","当てはまる","週2日程度","2ヶ月程度前","女性","30～39歳","10年以上～20年未満","プレイヤー（内勤系職種）","正社員","新卒","企画部門","5","116.91.141.68","Mozilla/5.0 (Windows NT 10.0; WOW64; Trident/7.0; rv:11.0) like Gecko"
"","2020/06/22 15:14:52","セグメントなし","","3;・週後半につれて集中力が落ちてきます
・昼食を昼休みに自分で作るので、あまり休めている感じがしません（朝までにお弁当を作れば良いのですが…）","当てはまる","やや当てはまる","当てはまる","当てはまる","やや当てはまる","当てはまる","どちらでもない","当てはまる","やや当てはまる","やや当てはまる","やや当てはまる","やや当てはまる","どちらでもない","当てはまる","どちらでもない","どちらでもない","当てはまる","あまり当てはまらない","週4日程度","2～3週間程度前","女性","20～29歳","半年未満","プレイヤー（内勤系職種）","正社員","新卒","リサーチ部門","5;適正に合わせて業務を振っていただける職場だと思っています。","116.91.141.68","Mozilla/5.0 (Windows NT 10.0; WOW64; Trident/7.0; rv:11.0) like Gecko"
"","2020/06/22 15:08:09","セグメントなし","","3","やや当てはまる","当てはまらない","やや当てはまる","どちらでもない","どちらでもない","どちらでもない","どちらでもない","当てはまらない","当てはまらない","当てはまらない","やや当てはまる","どちらでもない","どちらでもない","どちらでもない","当てはまらない","当てはまらない","あまり当てはまらない","あまり当てはまらない","週1日程度","2ヶ月程度前","男性","50～59歳","20年以上～","部長（複数の課のマネジメント）","正社員","中途","その他部門","5","116.91.141.68","Mozilla/5.0 (Windows NT 10.0; Win64; x64) AppleWebKit/537.36 (KHTML, like Gecko) Chrome/70.0.3538.102 Safari/537.36 Edge/18.18363"
"","2020/06/22 14:33:04","セグメントなし","","2;業務内容的に、店舗と同じネット環境、機器を操作できる必要があり、リモート操作では限界がった。
作業的な仕事は捗るが、コミュニケーションが必要な業務は、Zoom、メール、チャットなどで対応する必要があり、ツールを使うのに時間がかかっていた。
自宅のインターネットの通信速度が遅く、切断されることが度々起きた。
","あまり当てはまらない","あまり当てはまらない","当てはまらない","当てはまる","あまり当てはまらない","当てはまらない","やや当てはまる","あまり当てはまらない","どちらでもない","どちらでもない","当てはまらない","やや当てはまる","あまり当てはまらない","やや当てはまる","やや当てはまる","あまり当てはまらない","どちらでもない","あまり当てはまらない","週1日程度","2ヶ月程度前","男性","50～59歳","20年以上～","主任／リーダー（内勤系職種）","正社員","中途","システム部門","4;縮小している業種なので若い人には進められない。","116.91.141.68","Mozilla/5.0 (Windows NT 10.0; Win64; x64) AppleWebKit/537.36 (KHTML, like Gecko) Chrome/83.0.4103.97 Safari/537.36"
"","2020/06/22 14:30:57","セグメントなし","","7;・個人で行う業務の効率は上がった。
・しかし、他部署の情報が入りにくいため、知っておくべく情報が得られないことがあった。
メーリングリストを変更し、現在は改善されている。
","やや当てはまる","当てはまる","あまり当てはまらない","やや当てはまる","やや当てはまる","どちらでもない","どちらでもない","どちらでもない","あまり当てはまらない","やや当てはまる","当てはまる","やや当てはまる","どちらでもない","やや当てはまる","当てはまる","あまり当てはまらない","当てはまる","あまり当てはまらない","週5日以上","2ヶ月程度前","女性","20～29歳","5年以上～10年未満","プレイヤー（内勤系職種）","正社員","新卒","マーケティング部門（広報も含む）","2;勧めない理由
・これから成長する業界に思えないため
・並みの社員だとボーナスが少ないため
・正社員でいる限りは全国転勤で、結婚・子育てしにくい環境のため
・店舗勤務だと基本土日出社で、子育てしにくい環境のため
・災害時、業績が不安定になるため

勧める理由
・人柄がよい社員が多い
・様々なことに挑戦できる
・お客様の幸せのため働いていることがダイレクトに感じられる
・接客が好きならぴったり","116.91.141.68","Mozilla/5.0 (Windows NT 10.0; Win64; x64; rv:72.0) Gecko/20100101 Firefox/72.0"
"","2020/06/22 14:27:34","セグメントなし","","4","当てはまる","当てはまる","どちらでもない","どちらでもない","当てはまる","どちらでもない","どちらでもない","どちらでもない","やや当てはまる","どちらでもない","どちらでもない","当てはまる","やや当てはまる","どちらでもない","やや当てはまる","どちらでもない","やや当てはまる","やや当てはまる","週3日程度","2ヶ月程度前","女性","40～49歳","半年以上～1年未満","プレイヤー（内勤系職種）","契約社員（嘱託社員やパート・アルバイトなどを含む）","中途","その他部門","8","116.91.141.68","Mozilla/5.0 (Windows NT 10.0; WOW64; Trident/7.0; rv:11.0) like Gecko"
"","2020/06/22 14:19:15","セグメントなし","","5;バイヤー、同部署内のコミュニケーションが取りにくくなった半面、飛び込み仕事が減ったため、生産性的には変わらずといった印象です","当てはまる","当てはまる","当てはまる","当てはまる","やや当てはまる","やや当てはまる","やや当てはまる","やや当てはまる","やや当てはまる","やや当てはまる","当てはまる","当てはまる","当てはまる","当てはまる","やや当てはまる","あまり当てはまらない","やや当てはまる","やや当てはまる","週4日程度","3ヶ月程度前","男性","40～49歳","20年以上～","プレイヤー（内勤系職種）","正社員","中途","営業・販売部門（コンサルティングなどの顧客接点部門はこちらに含む）","7","116.91.141.68","Mozilla/5.0 (Windows NT 10.0; Win64; x64; rv:77.0) Gecko/20100101 Firefox/77.0"
"","2020/06/22 14:18:25","セグメントなし","","3;公休・休業でも常にPCが手元にある状態のため、問い合わせや業務依頼などが常時発生することで
オンオフの切り替えがなくなり、集中力の低下や疲労感がオフィス勤務よりも強く感じます。","やや当てはまる","あまり当てはまらない","あまり当てはまらない","あまり当てはまらない","やや当てはまる","やや当てはまる","やや当てはまる","あまり当てはまらない","あまり当てはまらない","やや当てはまる","やや当てはまる","どちらでもない","あまり当てはまらない","やや当てはまる","やや当てはまる","あまり当てはまらない","やや当てはまる","当てはまらない","週4日程度","2ヶ月程度前","女性","30～39歳","1年以上～3年未満","プレイヤー（内勤系職種）","契約社員（嘱託社員やパート・アルバイトなどを含む）","中途","営業・販売部門（コンサルティングなどの顧客接点部門はこちらに含む）","5;弊社の取り扱う商材は生活に必要とされるより、生活に付加価値を与えるものがメインと考えます。
現状では消費者の購入が積極的ではないことが市況として窺い知れる機会がある以上、不用意に勧めたいとは考えません。","116.91.141.68","Mozilla/5.0 (Windows NT 10.0; Win64; x64) AppleWebKit/537.36 (KHTML, like Gecko) Chrome/70.0.3538.102 Safari/537.36 Edge/18.18363"
"","2020/06/22 13:19:41","セグメントなし","","5;通勤時間が無くなるのはプラス。必要に応じて直接・その場で会話できる便利さがなくなるマイナスでイーブン。","当てはまる","当てはまる","当てはまる","やや当てはまる","どちらでもない","どちらでもない","当てはまらない","どちらでもない","どちらでもない","どちらでもない","どちらでもない","どちらでもない","どちらでもない","どちらでもない","どちらでもない","どちらでもない","どちらでもない","どちらでもない","週2日程度","2ヶ月程度前","男性","60歳以上","20年以上～","取締役／役員","その他","中途","その他部門","5;その人物と会社の相性次第。","116.91.141.68","Mozilla/5.0 (Windows NT 10.0; WOW64; Trident/7.0; rv:11.0) like Gecko"
"","2020/06/22 13:09:36","セグメントなし","","7;↑移動時間減
↑急遽の声掛けがなくなり集中
↑無駄な会議が減る
↓コミュニケーションロスによる生産性ダウン","どちらでもない","あまり当てはまらない","どちらでもない","やや当てはまる","あまり当てはまらない","どちらでもない","どちらでもない","どちらでもない","どちらでもない","どちらでもない","どちらでもない","やや当てはまる","あまり当てはまらない","どちらでもない","あまり当てはまらない","あまり当てはまらない","どちらでもない","どちらでもない","週1日程度","2ヶ月程度前","男性","40～49歳","10年以上～20年未満","課長（複数のチームのマネジメント）","正社員","中途","マーケティング部門（広報も含む）","8;内勤は一早く在宅を導入したため","116.91.141.68","Mozilla/5.0 (Windows NT 10.0; Win64; x64) AppleWebKit/537.36 (KHTML, like Gecko) Chrome/83.0.4103.106 Safari/537.36"
"","2020/06/22 13:08:44","セグメントなし","","6;在宅でもオフィス同様、集中して業務にあたれました。","当てはまる","当てはまる","当てはまる","当てはまる","やや当てはまる","やや当てはまる","やや当てはまる","あまり当てはまらない","あまり当てはまらない","あまり当てはまらない","当てはまる","当てはまる","当てはまる","当てはまる","当てはまる","当てはまる","当てはまる","当てはまる","週2日程度","1ヶ月程度前","女性","40～49歳","半年以上～1年未満","プレイヤー（内勤系職種）","契約社員（嘱託社員やパート・アルバイトなどを含む）","中途","営業・販売部門（コンサルティングなどの顧客接点部門はこちらに含む）","5","116.91.141.68","Mozilla/5.0 (Windows NT 10.0; WOW64; Trident/7.0; rv:11.0) like Gecko"
"","2020/06/22 13:03:58","セグメントなし","","4;WIFI環境が家にないとデータの抽出に無駄に時間がかかる。新部署で０の状態だと逆に生産性が下がる気がしました。","当てはまらない","どちらでもない","当てはまらない","当てはまる","当てはまる","どちらでもない","あまり当てはまらない","あまり当てはまらない","あまり当てはまらない","やや当てはまる","あまり当てはまらない","どちらでもない","当てはまらない","どちらでもない","やや当てはまる","当てはまらない","どちらでもない","どちらでもない","週1日程度","2ヶ月程度前","男性","40～49歳","10年以上～20年未満","課長（複数のチームのマネジメント）","正社員","新卒","企画部門","3;新人事制度で不明朗と感じる。今はしっかりと未来が見えるように尽力したい。","116.91.141.68","Mozilla/5.0 (Windows NT 10.0; WOW64; Trident/7.0; rv:11.0) like Gecko"
"","2020/06/22 12:58:04","セグメントなし","","4","やや当てはまる","当てはまる","当てはまらない","やや当てはまる","あまり当てはまらない","当てはまらない","どちらでもない","あまり当てはまらない","あまり当てはまらない","やや当てはまる","あまり当てはまらない","どちらでもない","当てはまらない","あまり当てはまらない","やや当てはまる","どちらでもない","当てはまる","やや当てはまる","週1日程度","3ヶ月程度前","男性","40～49歳","20年以上～","主任／リーダー（内勤系職種）","正社員","新卒","人事部門","2","116.91.141.68","Mozilla/5.0 (Windows NT 10.0; WOW64; Trident/7.0; rv:11.0) like Gecko"
"","2020/06/22 12:44:57","セグメントなし","","8;他の人からの飛び込み仕事の依頼が減り、優先課題に集中できるようになった","当てはまる","やや当てはまる","当てはまる","当てはまる","あまり当てはまらない","やや当てはまる","やや当てはまる","当てはまる","どちらでもない","あまり当てはまらない","当てはまる","当てはまる","どちらでもない","当てはまる","あまり当てはまらない","あまり当てはまらない","やや当てはまる","当てはまる","週4日程度","2ヶ月程度前","男性","30～39歳","5年以上～10年未満","プレイヤー（内勤系職種）","正社員","中途","技術・研究開発部門","4","116.91.141.68","Mozilla/5.0 (Windows NT 10.0; Win64; x64) AppleWebKit/537.36 (KHTML, like Gecko) Chrome/83.0.4103.106 Safari/537.36"
"","2020/06/22 12:38:10","セグメントなし","","5;個人で集中して行う作業は生産性向上が見込める。
しかし打ち合わせや誰かに意見を聞きたい場合には生産性が落ちる傾向がある。
各人のweb会議やチャットに対するリテラシー向上や、web会議を安定して使用出来るネット環境の用意などの課題が解決すればもっと生産性は上がると感じる。","どちらでもない","当てはまらない","当てはまらない","当てはまる","やや当てはまる","やや当てはまる","やや当てはまる","あまり当てはまらない","あまり当てはまらない","やや当てはまる","どちらでもない","どちらでもない","どちらでもない","やや当てはまる","あまり当てはまらない","あまり当てはまらない","どちらでもない","やや当てはまる","週3日程度","2ヶ月程度前","男性","30～39歳","5年以上～10年未満","プレイヤー（内勤系職種）","正社員","中途","システム部門","5","116.91.141.68","Mozilla/5.0 (Windows NT 10.0; Win64; x64) AppleWebKit/537.36 (KHTML, like Gecko) Chrome/83.0.4103.106 Safari/537.36"
"","2020/06/22 12:27:51","セグメントなし","","5","やや当てはまる","当てはまる","やや当てはまる","当てはまる","どちらでもない","どちらでもない","どちらでもない","やや当てはまる","やや当てはまる","やや当てはまる","やや当てはまる","どちらでもない","どちらでもない","やや当てはまる","やや当てはまる","どちらでもない","当てはまる","どちらでもない","週5日以上","3ヶ月程度前","男性","30～39歳","1年以上～3年未満","プレイヤー（内勤系職種）","契約社員（嘱託社員やパート・アルバイトなどを含む）","中途","営業・販売部門（コンサルティングなどの顧客接点部門はこちらに含む）","5","116.91.141.68","Mozilla/5.0 (Windows NT 10.0; Win64; x64) AppleWebKit/537.36 (KHTML, like Gecko) Chrome/83.0.4103.106 Safari/537.36"
"","2020/06/22 12:25:45","セグメントなし","","4;ほとんど、問題ない。関係者との連携が少し弱くなった","当てはまる","当てはまる","あまり当てはまらない","どちらでもない","当てはまる","やや当てはまる","やや当てはまる","当てはまる","やや当てはまる","どちらでもない","当てはまる","当てはまる","当てはまる","当てはまる","やや当てはまる","どちらでもない","当てはまる","やや当てはまる","週3日程度","2ヶ月程度前","男性","50～59歳","20年以上～","部長（複数の課のマネジメント）","正社員","新卒","営業・販売部門（コンサルティングなどの顧客接点部門はこちらに含む）","5","116.91.141.68","Mozilla/5.0 (Windows NT 10.0; Win64; x64) AppleWebKit/537.36 (KHTML, like Gecko) Chrome/64.0.3282.140 Safari/537.36 Edge/18.17763"
"","2020/06/22 12:21:47","セグメントなし","","5;テレワークだと、コピー機がない、ちょっとした相談事がしにくい、等ありますが、
反対に無駄な会議の削減、話しかけられないなどの良い点もあるので、生産性は変わらないと感じます。","どちらでもない","当てはまらない","あまり当てはまらない","やや当てはまる","やや当てはまる","やや当てはまる","あまり当てはまらない","当てはまらない","どちらでもない","あまり当てはまらない","当てはまる","当てはまらない","どちらでもない","あまり当てはまらない","あまり当てはまらない","当てはまらない","どちらでもない","あまり当てはまらない","週4日程度","3ヶ月程度前","女性","20～29歳","5年以上～10年未満","プレイヤー（内勤系職種）","正社員","新卒","マーケティング部門（広報も含む）","2;業務量が多すぎる。マルチタスクにも程がある。
同じランク内でKPIや責任に大きな差があり不公平を感じる。

独身に優しくない。結婚して子どもを産めば業務量は減らしてもらえるのか？
若い人材を増やして、育てていこうという意思が会社にあるのであれば、
キャリアビジョンや若いメンバーの働き方含め、もう少し考えてほしい。
これでは若い人は他の会社に移っていくと思う。","116.91.141.68","Mozilla/5.0 (Windows NT 10.0; Win64; x64; rv:73.0) Gecko/20100101 Firefox/73.0"
"","2020/06/22 12:21:15","セグメントなし","","3;オフィスに比べると椅子や机など環境が良いとは言えないので","やや当てはまる","あまり当てはまらない","あまり当てはまらない","やや当てはまる","どちらでもない","やや当てはまる","どちらでもない","あまり当てはまらない","あまり当てはまらない","どちらでもない","やや当てはまる","やや当てはまる","あまり当てはまらない","どちらでもない","あまり当てはまらない","あまり当てはまらない","どちらでもない","どちらでもない","週4日程度","2ヶ月程度前","女性","20～29歳","3年以上～5年未満","プレイヤー（内勤系職種）","正社員","新卒","システム部門","4","116.91.141.68","Mozilla/5.0 (Windows NT 10.0; Win64; x64) AppleWebKit/537.36 (KHTML, like Gecko) Chrome/81.0.4044.138 Safari/537.36"
"","2020/06/22 12:13:36","セグメントなし","","3;業務内容の軽い認識合わせなどに時間がかかってしまう。また部署の特性上、新しい事業、商品提案など、雑談レベルで相談したいこともしにくい環境となっている。集中できる時間は増えるが、それと比例して、自身で悶々と考える時間が増えてしまった。","やや当てはまる","当てはまらない","あまり当てはまらない","当てはまる","あまり当てはまらない","当てはまらない","あまり当てはまらない","あまり当てはまらない","やや当てはまる","やや当てはまる","どちらでもない","あまり当てはまらない","どちらでもない","どちらでもない","やや当てはまる","当てはまらない","やや当てはまる","やや当てはまる","週2日程度","2ヶ月程度前","女性","30～39歳","5年以上～10年未満","プレイヤー（内勤系職種）","正社員","中途","その他部門","4;結婚、出産を考えると正社員では働きにくいと思います。","116.91.141.68","Mozilla/5.0 (Windows NT 10.0; WOW64; Trident/7.0; rv:11.0) like Gecko"
"","2020/06/22 12:11:46","セグメントなし","","5;分析などは集中できるが、商談や相談事などコミュニケーション不足が生産性を下げている","当てはまる","当てはまらない","当てはまる","やや当てはまる","どちらでもない","あまり当てはまらない","あまり当てはまらない","どちらでもない","どちらでもない","どちらでもない","どちらでもない","当てはまる","当てはまる","当てはまる","当てはまる","どちらでもない","やや当てはまる","どちらでもない","週4日程度","2ヶ月程度前","男性","40～49歳","20年以上～","プレイヤー（内勤系職種）","正社員","新卒","営業・販売部門（コンサルティングなどの顧客接点部門はこちらに含む）","7","116.91.141.68","Mozilla/5.0 (Windows NT 10.0; WOW64; Trident/7.0; rv:11.0) like Gecko"
"","2020/06/22 12:07:09","セグメントなし","","6;移動のストレスが無いので、スムーズに業務に移行できるため","当てはまる","あまり当てはまらない","どちらでもない","どちらでもない","どちらでもない","あまり当てはまらない","どちらでもない","どちらでもない","どちらでもない","どちらでもない","やや当てはまる","どちらでもない","どちらでもない","どちらでもない","当てはまる","あまり当てはまらない","どちらでもない","当てはまらない","週3日程度","3ヶ月程度前","男性","30～39歳","10年以上～20年未満","プレイヤー（内勤系職種）","正社員","中途","マーケティング部門（広報も含む）","8","116.91.141.68","Mozilla/5.0 (Windows NT 10.0; Win64; x64; rv:73.0) Gecko/20100101 Firefox/73.0"
"","2020/06/22 12:06:50","セグメントなし","","5;テレワークだと”作業”は進みます。すなわち決まっている内容の生産性は高いです。
オフィスワークだと”情報”が早いです。すなわち決まっていない内容のブラッシュアップが早く
１つの企画の精度は高くなります。
理由は、キタムラの企業文化にどうしても業務外のコミュニケーションも大事にする文化があるからです。例：昼ご飯を仲間と食べてるときに良いアイデアが生まれ実行に移すなど
上記はあくまで今のキタムラのオフィスワークの場合を示しており、実際にはテレワークでも
しっかり”場の雰囲気”がつかめて、”システム環境が整っていて””決めが作れる（資料、データなどが個人がそれなりに作ることができる技術）”があれば可能かと思います。
周りが認めるか？が、直接会った方が高いと考えている、思っている、思われていることが多いということかもしれないです。

","あまり当てはまらない","当てはまらない","当てはまらない","やや当てはまる","どちらでもない","あまり当てはまらない","どちらでもない","どちらでもない","どちらでもない","どちらでもない","どちらでもない","やや当てはまる","どちらでもない","どちらでもない","あまり当てはまらない","当てはまらない","どちらでもない","どちらでもない","週5日以上","3ヶ月程度前","男性","30～39歳","10年以上～20年未満","主任／リーダー（内勤系職種）","正社員","新卒","営業・販売部門（コンサルティングなどの顧客接点部門はこちらに含む）","5;福利厚生は良いと考えている
個人の評価は、適正ではない可能性が高いと考えている
良い評価がほしいということではなく、
評価基準を明確にするべきと考えている
会社上の都合や、判断が難しい状況ががあるにせよ、末端でお客さまと相対しているスタッフのことをないがしろにしている面があるように見える
KPIを推進している以上、ある程度は絶対評価の方が納得性が高いと考えている","116.91.141.68","Mozilla/5.0 (Windows NT 10.0; WOW64; Trident/7.0; rv:11.0) like Gecko"
"","2020/06/22 12:03:48","セグメントなし","","8;作業が多く、在宅の方が干渉が少なく捗るため","当てはまる","当てはまる","当てはまる","当てはまる","やや当てはまる","やや当てはまる","当てはまる","あまり当てはまらない","やや当てはまる","当てはまる","当てはまる","やや当てはまる","当てはまる","やや当てはまる","やや当てはまる","あまり当てはまらない","当てはまる","やや当てはまる","週5日以上","4～5ヶ月程度前","男性","20～29歳","3年以上～5年未満","プレイヤー（内勤系職種）","正社員","新卒","マーケティング部門（広報も含む）","7;労働組合や健康保険組合など、福利厚生の制度がしっかりしているため
国の労働方針に則り勤怠管理ができているため（年賀状など繁忙期シーズンは除く）","116.91.141.68","Mozilla/5.0 (Windows NT 10.0; Win64; x64) AppleWebKit/537.36 (KHTML, like Gecko) Chrome/83.0.4103.106 Safari/537.36"
"","2020/06/22 12:01:43","セグメントなし","","5","やや当てはまる","あまり当てはまらない","あまり当てはまらない","やや当てはまる","当てはまる","当てはまる","当てはまる","当てはまる","当てはまる","どちらでもない","やや当てはまる","やや当てはまる","あまり当てはまらない","やや当てはまる","やや当てはまる","どちらでもない","当てはまる","あまり当てはまらない","週3日程度","3ヶ月程度前","女性","40～49歳","半年以上～1年未満","プレイヤー（内勤系職種）","契約社員（嘱託社員やパート・アルバイトなどを含む）","中途","営業・販売部門（コンサルティングなどの顧客接点部門はこちらに含む）","8","116.91.141.68","Mozilla/5.0 (Windows NT 10.0; WOW64; Trident/7.0; rv:11.0) like Gecko"
"","2020/06/22 11:58:00","セグメントなし","","4;一部テレワークだと対応できない業務があるため","当てはまる","やや当てはまる","あまり当てはまらない","あまり当てはまらない","やや当てはまる","やや当てはまる","あまり当てはまらない","やや当てはまる","やや当てはまる","やや当てはまる","やや当てはまる","当てはまる","やや当てはまる","当てはまる","やや当てはまる","当てはまらない","あまり当てはまらない","あまり当てはまらない","週3日程度","2ヶ月程度前","男性","40～49歳","20年以上～","プレイヤー（内勤系職種）","正社員","新卒","営業・販売部門（コンサルティングなどの顧客接点部門はこちらに含む）","7;自分は働きやすいと感じるから。","116.91.141.68","Mozilla/5.0 (Windows NT 10.0; WOW64; Trident/7.0; rv:11.0) like Gecko"
"","2020/06/22 11:57:32","セグメントなし","","5;作業系の仕事に関しては集中して行えるため生産性が上がった。一方で、上司に確認が必要な業務や企画業務に関してはその場ですぐに聞けないため在社時よりも時間がかかるようになった。総合的にみれば業務効率はそこまで変わっていないように感じる。","当てはまる","当てはまる","あまり当てはまらない","当てはまる","当てはまらない","あまり当てはまらない","当てはまらない","当てはまる","当てはまる","当てはまる","やや当てはまる","当てはまる","当てはまる","やや当てはまる","当てはまる","当てはまらない","当てはまる","当てはまらない","週4日程度","2ヶ月程度前","男性","20～29歳","3年以上～5年未満","プレイヤー（内勤系職種）","正社員","新卒","人事部門","3;業績不安で先行きが見えないため、今の状態では勧めることに対し漠然とした不安がある。","116.91.141.68","Mozilla/5.0 (Windows NT 10.0; WOW64; Trident/7.0; rv:11.0) like Gecko"
"","2020/06/22 11:49:59","セグメントなし","","5","やや当てはまる","当てはまる","どちらでもない","やや当てはまる","やや当てはまる","やや当てはまる","やや当てはまる","やや当てはまる","やや当てはまる","どちらでもない","やや当てはまる","どちらでもない","どちらでもない","やや当てはまる","どちらでもない","当てはまらない","やや当てはまる","当てはまる","週4日程度","2ヶ月程度前","男性","30～39歳","10年以上～20年未満","プレイヤー（内勤系職種）","正社員","新卒","マーケティング部門（広報も含む）","5","116.91.141.68","Mozilla/5.0 (Windows NT 10.0; WOW64; Trident/7.0; rv:11.0) like Gecko"
"","2020/06/22 11:49:48","セグメントなし","","5;テレワークの日が少なかったので、生産性まで図れませんでした
","当てはまらない","当てはまらない","あまり当てはまらない","やや当てはまる","当てはまる","当てはまる","どちらでもない","どちらでもない","やや当てはまる","やや当てはまる","当てはまらない","どちらでもない","当てはまらない","どちらでもない","当てはまらない","当てはまらない","当てはまる","どちらでもない","週1日に満たない","2ヶ月程度前","女性","30～39歳","10年以上～20年未満","部長（複数の課のマネジメント）","正社員","新卒","営業・販売部門（コンサルティングなどの顧客接点部門はこちらに含む）","6","116.91.141.68","Mozilla/5.0 (Windows NT 10.0; WOW64; Trident/7.0; rv:11.0) like Gecko"
"","2020/06/22 11:48:38","セグメントなし","","7","当てはまる","どちらでもない","あまり当てはまらない","やや当てはまる","当てはまる","当てはまる","どちらでもない","やや当てはまる","やや当てはまる","やや当てはまる","どちらでもない","どちらでもない","どちらでもない","当てはまらない","当てはまらない","どちらでもない","やや当てはまる","あまり当てはまらない","週2日程度","2ヶ月程度前","女性","30～39歳","10年以上～20年未満","部長（複数の課のマネジメント）","正社員","中途","営業・販売部門（コンサルティングなどの顧客接点部門はこちらに含む）","7","116.91.141.68","Mozilla/5.0 (Windows NT 10.0; Win64; x64) AppleWebKit/537.36 (KHTML, like Gecko) Chrome/70.0.3538.102 Safari/537.36 Edge/18.18363"
"","2020/06/22 11:48:36","セグメントなし","","2;・他部署に確認しながら進める内容が多いので、その場ですぐに確認できないと業務が止まってしまうことがある。
・画面を見せながら確認したいとき電話ではなくZoomの使用になるが、他部署でどの程度Zoomが浸透しているか分からないので、なかなかZoomでのMTGも招待しにくい(5～10分くらいの内容をわざわざZoomでやるのも面倒くさいので…）
・自宅のWi-Fiを使用しているが、稀にどうしようもなくネットワークが不調のときがあり、そのときの業務内容によってはほぼ何もできなくなる","どちらでもない","あまり当てはまらない","当てはまる","当てはまる","やや当てはまる","どちらでもない","どちらでもない","あまり当てはまらない","あまり当てはまらない","どちらでもない","どちらでもない","やや当てはまる","あまり当てはまらない","どちらでもない","やや当てはまる","どちらでもない","やや当てはまる","あまり当てはまらない","週4日程度","3ヶ月程度前","女性","20～29歳","3年以上～5年未満","プレイヤー（内勤系職種）","契約社員（嘱託社員やパート・アルバイトなどを含む）","中途","システム部門","1;・全国に店舗展開している会社のため様々な地方から集まってきていることや、店舗出身者ではないと分からない内容なども多く、独特な社内の雰囲気や文化、人間関係なので馴染めないと厳しい。ギスギスした雰囲気ではないが、悪く言えば「仲良しこよしの集まり」だと思う
・OJTが基本なのだと思うが、中途入社の人に対する育成のマニュアル・方針・フォロー体制がないため、配属部署やその部署の人によって左右される部分が大きい
・(実際に私が受けているわけではないですが)セクハラやパワハラに対しても含め、人事が感覚や主観で判断されていると思う","116.91.141.68","Mozilla/5.0 (Windows NT 10.0; Win64; x64) AppleWebKit/537.36 (KHTML, like Gecko) Chrome/83.0.4103.106 Safari/537.36"
"","2020/06/22 11:47:11","セグメントなし","","8","当てはまる","当てはまる","あまり当てはまらない","どちらでもない","どちらでもない","やや当てはまる","どちらでもない","どちらでもない","どちらでもない","どちらでもない","どちらでもない","どちらでもない","当てはまらない","どちらでもない","あまり当てはまらない","あまり当てはまらない","あまり当てはまらない","どちらでもない","週1日程度","2ヶ月程度前","女性","40～49歳","20年以上～","本部長／事業部長","その他","新卒","営業・販売部門（コンサルティングなどの顧客接点部門はこちらに含む）","6","116.91.141.68","Mozilla/5.0 (Windows NT 10.0; WOW64; Trident/7.0; rv:11.0) like Gecko"
"","2020/06/22 11:47:11","セグメントなし","","5","あまり当てはまらない","やや当てはまる","当てはまらない","どちらでもない","どちらでもない","どちらでもない","どちらでもない","どちらでもない","やや当てはまる","やや当てはまる","あまり当てはまらない","当てはまらない","どちらでもない","どちらでもない","当てはまらない","あまり当てはまらない","どちらでもない","やや当てはまる","週1日に満たない","3ヶ月程度前","女性","20～29歳","5年以上～10年未満","部長（複数の課のマネジメント）","正社員","新卒","企画部門","2","116.91.141.68","Mozilla/5.0 (Windows NT 10.0; WOW64; Trident/7.0; rv:11.0) like Gecko"
"","2020/06/22 11:44:44","セグメントなし","","5;作業が在宅に向いているので、作業自体は問題ない。むしろ電話の音などがない分捗るもののWEBでの業務やリモート会議に不慣れな部署の方とのやりとり、店舗と本部を行き来する方のレスポンシブの遅さがあるので結果的にオフィス業務と効率は変わらない。","当てはまる","当てはまる","当てはまる","当てはまる","やや当てはまる","当てはまる","当てはまる","あまり当てはまらない","当てはまらない","どちらでもない","当てはまる","当てはまる","やや当てはまる","当てはまる","やや当てはまる","やや当てはまる","やや当てはまる","あまり当てはまらない","週5日以上","3ヶ月程度前","女性","30～39歳","5年以上～10年未満","プレイヤー（内勤系職種）","契約社員（嘱託社員やパート・アルバイトなどを含む）","中途","マーケティング部門（広報も含む）","10;改善点は見受けられるものの会社が好きだからです。","116.91.141.68","Mozilla/5.0 (Windows NT 10.0; Win64; x64) AppleWebKit/537.36 (KHTML, like Gecko) Chrome/83.0.4103.106 Safari/537.36"
"","2020/06/22 11:43:48","セグメントなし","","4;Ｗｉ－Ｆｉの接続が不安定なときがある。","あまり当てはまらない","あまり当てはまらない","やや当てはまる","やや当てはまる","あまり当てはまらない","どちらでもない","どちらでもない","どちらでもない","どちらでもない","どちらでもない","どちらでもない","やや当てはまる","どちらでもない","やや当てはまる","やや当てはまる","どちらでもない","どちらでもない","あまり当てはまらない","週3日程度","3ヶ月程度前","女性","20～29歳","3年以上～5年未満","プレイヤー（内勤系職種）","正社員","新卒","人事部門","4","116.91.141.68","Mozilla/5.0 (Windows NT 10.0; Win64; x64) AppleWebKit/537.36 (KHTML, like Gecko) Chrome/83.0.4103.106 Safari/537.36"
"","2020/06/22 11:41:22","セグメントなし","","6","あまり当てはまらない","やや当てはまる","あまり当てはまらない","やや当てはまる","どちらでもない","どちらでもない","どちらでもない","あまり当てはまらない","どちらでもない","やや当てはまる","やや当てはまる","やや当てはまる","やや当てはまる","どちらでもない","あまり当てはまらない","あまり当てはまらない","やや当てはまる","やや当てはまる","週5日以上","1ヶ月程度前","女性","30～39歳","10年以上～20年未満","部長（複数の課のマネジメント）","正社員","中途","営業・販売部門（コンサルティングなどの顧客接点部門はこちらに含む）","3","116.91.141.68","Mozilla/5.0 (Windows NT 10.0; Win64; x64) AppleWebKit/537.36 (KHTML, like Gecko) Chrome/70.0.3538.102 Safari/537.36 Edge/18.18363"
"","2020/06/22 11:40:25","セグメントなし","","9;あまり不便はなかった","どちらでもない","当てはまる","当てはまらない","どちらでもない","どちらでもない","どちらでもない","どちらでもない","どちらでもない","やや当てはまる","あまり当てはまらない","当てはまらない","当てはまらない","当てはまらない","どちらでもない","やや当てはまる","当てはまらない","当てはまる","当てはまらない","週1日に満たない","3ヶ月程度前","男性","40～49歳","20年以上～","部長（複数の課のマネジメント）","正社員","新卒","その他部門","0;将来性","116.91.141.68","Mozilla/5.0 (Windows NT 10.0; Win64; x64) AppleWebKit/537.36 (KHTML, like Gecko) Chrome/83.0.4103.106 Safari/537.36"
"","2020/06/22 11:39:27","セグメントなし","","2;家族（特に子供）がいると集中できない
ダイニングで業務している為、机や椅子などが仕事に適していない","当てはまる","当てはまらない","当てはまらない","当てはまる","あまり当てはまらない","当てはまらない","あまり当てはまらない","どちらでもない","どちらでもない","どちらでもない","あまり当てはまらない","どちらでもない","当てはまらない","どちらでもない","当てはまる","当てはまらない","当てはまる","あまり当てはまらない","週1日程度","2ヶ月程度前","男性","40～49歳","20年以上～","取締役／役員","正社員","新卒","企画部門","3;会社自体に問題はないが、写真業界自体が厳しい為、明確な動機や理由がなければわざわざ就職する必要はないと考える為。","116.91.141.68","Mozilla/5.0 (Windows NT 10.0; WOW64; Trident/7.0; rv:11.0) like Gecko"
"","2020/06/22 11:36:51","セグメントなし","","5;生産性が上がった部分も多くありますが、コミュニケーションに慣れない部分で下がった部分とで比べると同じ、数字で計れない部分があるため、どちらとも言えません","当てはまらない","あまり当てはまらない","当てはまらない","あまり当てはまらない","どちらでもない","あまり当てはまらない","どちらでもない","どちらでもない","どちらでもない","やや当てはまる","あまり当てはまらない","どちらでもない","どちらでもない","当てはまらない","当てはまらない","どちらでもない","当てはまる","どちらでもない","週3日程度","2ヶ月程度前","女性","30～39歳","10年以上～20年未満","部長（複数の課のマネジメント）","正社員","中途","営業・販売部門（コンサルティングなどの顧客接点部門はこちらに含む）","5;やりがいで付けると5以上ですが、向き不向きがあるため、万人が活躍できる場とは思えないため。入口は広く誰でも出来る仕事ですが誰にでも続けれられる仕事ではないです。","116.91.141.68","Mozilla/5.0 (Windows NT 10.0; WOW64; Trident/7.0; rv:11.0) like Gecko"
"","2020/06/22 11:36:07","セグメントなし","","7;自分のペースで黙々と仕事ができるので、私的には向いていると感じました","当てはまる","どちらでもない","当てはまらない","当てはまらない","当てはまる","当てはまる","当てはまる","あまり当てはまらない","当てはまる","どちらでもない","当てはまる","当てはまる","当てはまる","当てはまる","当てはまる","当てはまる","当てはまる","あまり当てはまらない","週2日程度","3ヶ月程度前","男性","40～49歳","5年以上～10年未満","プレイヤー（内勤系職種）","契約社員（嘱託社員やパート・アルバイトなどを含む）","中途","その他部門","6;社員の健康のための配慮がなっていると感じます","116.91.141.68","Mozilla/5.0 (Windows NT 10.0; Win64; x64) AppleWebKit/537.36 (KHTML, like Gecko) Chrome/83.0.4103.106 Safari/537.36"
"","2020/06/22 11:31:36","セグメントなし","","7;業務によってだいぶ異なりますが、ひとつひとつの作業の効率・スピードは高くなりました。ただ、打ち合わせや細かい調整をするときに、認識の違いが発生して、遅くなることがあります。","当てはまる","当てはまる","やや当てはまる","やや当てはまる","どちらでもない","どちらでもない","どちらでもない","あまり当てはまらない","当てはまる","当てはまる","当てはまる","当てはまる","どちらでもない","あまり当てはまらない","やや当てはまる","やや当てはまる","当てはまる","あまり当てはまらない","週3日程度","3ヶ月程度前","男性","30～39歳","10年以上～20年未満","プレイヤー（内勤系職種）","契約社員（嘱託社員やパート・アルバイトなどを含む）","中途","その他部門","8;ウェブ担当として働いている者。

１．エンドユーザーの業務にウェブ担当者として直接携われること
これまでウェブ制作会社で働いていたけれど、会社対会社のやり取りが多かったため、お客様から求められているデザインやコンテンツを直に知ることなくウェブ制作に携わっていた。対して、今の部署だと、商品・サービス、事業の目的などを共有できてウェブ制作に携われるため、自分には合っていた。

同じような働き方を望んでいるデザイナーはたくさんいることを知っているため、友人・知人には勧めたいと思う。

２．ウェブ全般で安定したスキルが身につく
Web制作に関するデザイン業務を広く・浅く担当させてもらえて、また自分の得意な箇所は比較的自由に作らせてもらえて、弱点などはフォローしてもらえたこと。入社当時はコーディングはできたけれど、写真加工は不安だった。（写真屋さんなので致命的だと思っていた）

それでも、実際に行をしてみると、上司から的確な指示を受けて、「自分ができるｘ業務に最低限必要」な部分を考えてくれて、指示を出してくれたため、無事こなすことができた。加えて、同じ業務を何度か行っていくため、自分の成長につながった。

ウェブ制作・デザイン全般に携わりたい人たちにとっては最高の職場だといつも思っている。","116.91.141.68","Mozilla/5.0 (Windows NT 10.0; Win64; x64) AppleWebKit/537.36 (KHTML, like Gecko) Chrome/83.0.4103.106 Safari/537.36"
"","2020/06/22 11:29:48","セグメントなし","","5","当てはまる","あまり当てはまらない","あまり当てはまらない","当てはまる","どちらでもない","どちらでもない","どちらでもない","どちらでもない","どちらでもない","どちらでもない","あまり当てはまらない","どちらでもない","どちらでもない","やや当てはまる","どちらでもない","当てはまらない","どちらでもない","あまり当てはまらない","週1日に満たない","2ヶ月程度前","男性","40～49歳","20年以上～","本部長／事業部長","その他","中途","営業・販売部門（コンサルティングなどの顧客接点部門はこちらに含む）","5","116.91.141.68","Mozilla/5.0 (Windows NT 10.0; Win64; x64) AppleWebKit/537.36 (KHTML, like Gecko) Chrome/83.0.4103.106 Safari/537.36"
"","2020/06/22 11:29:07","セグメントなし","","7;■プラスポイント
１、通勤時間がないこと
２、自身のペースで（色々急な仕事を振られずに）業務ができること
３、ビジネスフォンの対応がないこと
■マイナスポイント
１、周りの雰囲気で「この案件は先にやっておいた方が良い」が分からず着手が遅れること
２、同じ情報伝達方法でも人によって（部署によって）差が出て遅れてしまう人がいること
３、レポートラインがはっきりしていない場合に「聞いてない」がしばしば発生したこと","当てはまる","どちらでもない","当てはまる","当てはまる","当てはまる","やや当てはまる","どちらでもない","やや当てはまる","当てはまる","やや当てはまる","当てはまる","どちらでもない","どちらでもない","あまり当てはまらない","当てはまる","あまり当てはまらない","当てはまる","あまり当てはまらない","週3日程度","3ヶ月程度前","男性","40～49歳","20年以上～","部長（複数の課のマネジメント）","正社員","新卒","営業・販売部門（コンサルティングなどの顧客接点部門はこちらに含む）","5","116.91.141.68","Mozilla/5.0 (Windows NT 10.0; Win64; x64; rv:73.0) Gecko/20100101 Firefox/73.0"
"","2020/06/22 11:28:12","セグメントなし","","8;集中した環境で業務に取り組めたこと。業務上オンラインへの抵抗がなくテレワークへの習熟が早かったこと。また業務結果に結びついたことです。","やや当てはまる","あまり当てはまらない","当てはまる","当てはまる","やや当てはまる","あまり当てはまらない","あまり当てはまらない","やや当てはまる","あまり当てはまらない","やや当てはまる","当てはまる","やや当てはまる","やや当てはまる","やや当てはまる","当てはまる","どちらでもない","どちらでもない","やや当てはまる","週4日程度","3ヶ月程度前","男性","30～39歳","10年以上～20年未満","主任／リーダー（内勤系職種）","正社員","中途","営業・販売部門（コンサルティングなどの顧客接点部門はこちらに含む）","3;業種としての永続性","116.91.141.68","Mozilla/5.0 (Windows NT 10.0; Win64; x64; rv:77.0) Gecko/20100101 Firefox/77.0"
"","2020/06/22 11:27:26","セグメントなし","","9;オフィスにいるとどうしても電話応対・隣の人から声を掛けられる（コミュニケーションには必要だと理解してます）ので無駄な時間が出てしまいます。テレワークの場合それがなくなるので集中して仕事を出来ました。","当てはまる","当てはまる","当てはまる","当てはまる","やや当てはまる","当てはまる","やや当てはまる","やや当てはまる","やや当てはまる","どちらでもない","当てはまる","当てはまる","当てはまる","当てはまる","当てはまる","どちらでもない","当てはまる","当てはまる","週2日程度","2ヶ月程度前","女性","40～49歳","半年以上～1年未満","プレイヤー（内勤系職種）","契約社員（嘱託社員やパート・アルバイトなどを含む）","中途","営業・販売部門（コンサルティングなどの顧客接点部門はこちらに含む）","10;今回のコロナ対策も迅速に対応され、パートでもテレワークをさせてもらったりと社員を大事にしている会社だと認識した。","116.91.141.68","Mozilla/5.0 (Windows NT 10.0; Win64; x64) AppleWebKit/537.36 (KHTML, like Gecko) Chrome/83.0.4103.106 Safari/537.36"
"","2020/06/22 11:26:17","セグメントなし","","3;既存の業務が、かなり縮小されている","当てはまる","当てはまる","どちらでもない","やや当てはまる","どちらでもない","あまり当てはまらない","どちらでもない","やや当てはまる","やや当てはまる","どちらでもない","当てはまる","当てはまる","当てはまる","やや当てはまる","当てはまる","どちらでもない","当てはまらない","やや当てはまる","週2日程度","3ヶ月程度前","女性","50～59歳","5年以上～10年未満","プレイヤー（内勤系職種）","契約社員（嘱託社員やパート・アルバイトなどを含む）","中途","その他部門","7;仕事の基本を引継ぎ研修できることを前提で、この形ならお仕事が出来る人も多いと思う。ただし、収入は少ないので、それでも良いと感じてるパートナー限定だと思う","116.91.141.68","Mozilla/5.0 (Windows NT 10.0; Win64; x64) AppleWebKit/537.36 (KHTML, like Gecko) Chrome/83.0.4103.106 Safari/537.36"
"","2020/06/22 11:22:16","セグメントなし","","3;ちょっとした確認事項も電話もしくはZOOMでワンクッション挟む
コンセンサスがとりずらい為、進行スピードが落ちる","当てはまる","当てはまらない","当てはまらない","当てはまる","あまり当てはまらない","あまり当てはまらない","あまり当てはまらない","どちらでもない","当てはまらない","当てはまらない","やや当てはまる","あまり当てはまらない","どちらでもない","どちらでもない","どちらでもない","どちらでもない","どちらでもない","あまり当てはまらない","週3日程度","2ヶ月程度前","女性","40～49歳","10年以上～20年未満","主任／リーダー（内勤系職種）","正社員","新卒","営業・販売部門（コンサルティングなどの顧客接点部門はこちらに含む）","3;職場環境としてはあまりおすすめできない
内容は人それぞれなので「おすすめしたい」内容によって変わる為判断に入れてません","116.91.141.68","Mozilla/5.0 (Windows NT 10.0; Win64; x64) AppleWebKit/537.36 (KHTML, like Gecko) Chrome/83.0.4103.106 Safari/537.36"
"","2020/06/22 11:21:15","セグメントなし","","4;デザインの業務が多いため、印刷確認したいときに、自宅だとA3印刷ができないため効率が悪い。","当てはまる","当てはまる","やや当てはまる","当てはまる","やや当てはまる","やや当てはまる","当てはまる","どちらでもない","どちらでもない","どちらでもない","やや当てはまる","当てはまる","当てはまる","どちらでもない","当てはまる","どちらでもない","やや当てはまる","どちらでもない","週3日程度","2ヶ月程度前","女性","30～39歳","半年未満","プレイヤー（内勤系職種）","正社員","中途","企画部門","5;風通しのよい環境だと思いますが、既存の考え方ややり方にとらわれている方が多い印象。","116.91.141.68","Mozilla/5.0 (Windows NT 10.0; WOW64; Trident/7.0; rv:11.0) like Gecko"
"","2020/06/22 11:20:55","セグメントなし","","3;一言話せば確認できる内容をメールや電話で確認するため手間が増えた","あまり当てはまらない","当てはまらない","あまり当てはまらない","当てはまる","どちらでもない","あまり当てはまらない","どちらでもない","どちらでもない","やや当てはまる","やや当てはまる","どちらでもない","どちらでもない","どちらでもない","どちらでもない","どちらでもない","どちらでもない","どちらでもない","当てはまらない","週3日程度","3ヶ月程度前","女性","20～29歳","3年以上～5年未満","プレイヤー（内勤系職種）","正社員","新卒","企画部門","2","116.91.141.68","Mozilla/5.0 (Windows NT 10.0; WOW64) AppleWebKit/537.36 (KHTML, like Gecko) Chrome/83.0.4103.106 Safari/537.36"
"","2020/06/22 11:20:48","セグメントなし","","5;テレワークでもオフィスでもトータルの生産性は変わらない","やや当てはまる","あまり当てはまらない","やや当てはまる","どちらでもない","やや当てはまる","あまり当てはまらない","やや当てはまる","あまり当てはまらない","やや当てはまる","どちらでもない","やや当てはまる","どちらでもない","どちらでもない","やや当てはまる","どちらでもない","当てはまらない","どちらでもない","やや当てはまる","週4日程度","2ヶ月程度前","男性","40～49歳","20年以上～","部長（複数の課のマネジメント）","正社員","新卒","営業・販売部門（コンサルティングなどの顧客接点部門はこちらに含む）","5","126.33.99.1","Mozilla/5.0 (iPhone; CPU iPhone OS 13_4_1 like Mac OS X) AppleWebKit/605.1.15 (KHTML, like Gecko) Version/13.1 Mobile/15E148 Safari/604.1"
"","2020/06/22 11:20:05","セグメントなし","","4;全員の顔の表情が見えない","やや当てはまる","やや当てはまる","やや当てはまる","あまり当てはまらない","やや当てはまる","やや当てはまる","やや当てはまる","やや当てはまる","やや当てはまる","やや当てはまる","どちらでもない","やや当てはまる","やや当てはまる","やや当てはまる","やや当てはまる","あまり当てはまらない","やや当てはまる","どちらでもない","週3日程度","2ヶ月程度前","男性","60歳以上","20年以上～","取締役／役員","正社員","中途","営業・販売部門（コンサルティングなどの顧客接点部門はこちらに含む）","5;テレワークよりリアルが良い","116.91.141.68","Mozilla/5.0 (Windows NT 10.0; Win64; x64) AppleWebKit/537.36 (KHTML, like Gecko) Chrome/64.0.3282.140 Safari/537.36 Edge/18.17763"
"","2020/06/22 11:16:21","セグメントなし","","8;通勤時間分を労働に充てる事が出来た為","あまり当てはまらない","やや当てはまる","どちらでもない","やや当てはまる","やや当てはまる","やや当てはまる","やや当てはまる","当てはまる","当てはまる","やや当てはまる","当てはまる","やや当てはまる","どちらでもない","やや当てはまる","やや当てはまる","どちらでもない","やや当てはまる","やや当てはまる","週2日程度","2ヶ月程度前","男性","20～29歳","5年以上～10年未満","プレイヤー（内勤系職種）","正社員","新卒","その他部門","3","116.91.141.68","Mozilla/5.0 (Windows NT 10.0; Win64; x64) AppleWebKit/537.36 (KHTML, like Gecko) Chrome/64.0.3282.140 Safari/537.36 Edge/18.17763"
"","2020/06/22 11:13:51","セグメントなし","","5;作業に集中できるが、コミュニケーションはマイナス","当てはまる","当てはまる","あまり当てはまらない","当てはまらない","あまり当てはまらない","あまり当てはまらない","あまり当てはまらない","やや当てはまる","どちらでもない","どちらでもない","どちらでもない","あまり当てはまらない","あまり当てはまらない","どちらでもない","どちらでもない","あまり当てはまらない","やや当てはまる","あまり当てはまらない","週1日に満たない","2ヶ月程度前","男性","50～59歳","20年以上～","部長（複数の課のマネジメント）","正社員","新卒","人事部門","8","116.91.141.68","Mozilla/5.0 (Windows NT 10.0; WOW64; Trident/7.0; rv:11.0) like Gecko"
