"識別ID","回答日時","セグメント","タグ","あなたは、現在の職場で働くことを親しい友人や知人に、どの程度おすすめしたいと思いますか？ ※周囲に転職を検討されている友人・知人の方がいると仮定してお答えください。","NPS要因 - 業務内容に満足している","NPS要因 - 業務時間は適切である","NPS要因 - 仕事量は適切である","NPS要因 - 仕事を進める上で必要な裁量・権限がある","NPS要因 - 上司や同僚から自分の仕事に対して適度にアドバイスをもらえる","NPS要因 - 自身が成長するのに必要な研修を受ける機会がある","NPS要因 - 自分の努力や成果を考えれば、適切な昇進ができている","NPS要因 - 仕事の成果を公平に評価されている ","NPS要因 - 現在の職場では、いい同僚・部下に恵まれている","NPS要因 - 現在の職場では、いい上司に恵まれている","NPS要因 - 顧客が満足しているとよく感じられる ","NPS要因 - 自分の仕事が企業ビジョンの達成につながっている","NPS要因 - 企業が継続的に成長している","NPS要因 - 企業が社会の役に立っていると感じる","NPS要因 - 性別や年齢に関わらず公平な職場である ","NPS要因 - 上司や同僚に自分の意見や考えはしっかり聞いてもらえる","NPS要因 - いい仕事をしたときは、ほめられる","NPS要因 - 市場や環境の変化に合わせて、柔軟に変わっていける組織である","NPS要因 - 自分の部署やチームは、常に新しい考えを出したり、取り入れたりしている","NPS要因 - 会社から重要な情報がしっかりと共有されている","NPS要因 - 給与・報酬は仕事に見合っている","NPS要因 - 希望にそった休暇が取得できている","NPS要因 - 福利厚生など給与以外の手当が十分である","NPS要因 - ストレスなく仕事に取り組める職場環境である","NPS要因 - （自宅や訪問場所から）アクセスしやすいオフィス立地である","NPS要因 - （育児介護を含む）プライベートの時間確保や周囲のサポートが受けられている","NPS要因 - 設備やツールなど、仕事をするために必要な環境が整えられている","あなたの「仕事をする上での価値観（重視すること）」に最も近いものを1つ選択してください。","今後、どのくらい現在の職場で働きたいと考えていますか？ 現時点での勤続意向についてお聞かせください。","あなたの性別を選択してください。","あなたの年代を選択してください。","あなたの勤続年数を選択してください。","あなたの役職を選択してください。","あなたの雇用形態を選択してください。","あなたの入社形態を選択してください。","あなたの所属部門に最も近いものを選択してください。","IPアドレス","UserAgent"
"","2020/06/30 19:19:01","セグメントなし","","5;業務内容に興味のある人物には進めたいと思うが、やりたい業務に関われるかは状況によるところが大きいため。","どちらでもない","やや当てはまる","やや当てはまる","あまり当てはまらない","やや当てはまる","やや当てはまる","やや当てはまる","当てはまる","やや当てはまる","やや当てはまる","当てはまる","どちらでもない","やや当てはまる","当てはまる","当てはまる","やや当てはまる","当てはまる","やや当てはまる","どちらでもない","やや当てはまる","どちらでもない","どちらでもない","やや当てはまる","どちらでもない","どちらでもない","どちらでもない","やや当てはまる","特定分野の専門家・エキスパートとして仕事をしたい","5年以上10年未満くらい","男性","20～29歳","1年以上～3年未満","プレイヤー（内勤系職種）","正社員","新卒","営業・販売部門（コンサルティングなどの顧客接点部門はこちらに含む）","118.238.225.246","Mozilla/5.0 (Windows NT 10.0; Win64; x64) AppleWebKit/537.36 (KHTML, like Gecko) Chrome/83.0.4103.116 Safari/537.36"
"","2020/06/30 17:33:15","セグメントなし","","7;社内の雰囲気も良く、OJTも活発に行われているため。","当てはまる","やや当てはまる","当てはまる","どちらでもない","やや当てはまる","やや当てはまる","どちらでもない","やや当てはまる","当てはまる","当てはまる","やや当てはまる","やや当てはまる","やや当てはまる","当てはまる","やや当てはまる","やや当てはまる","やや当てはまる","やや当てはまる","やや当てはまる","やや当てはまる","やや当てはまる","どちらでもない","どちらでもない","やや当てはまる","やや当てはまる","どちらでもない","やや当てはまる","特定分野の専門家・エキスパートとして仕事をしたい","10年以上","男性","20～29歳","半年未満","プレイヤー（内勤系職種）","正社員","新卒","営業・販売部門（コンサルティングなどの顧客接点部門はこちらに含む）","118.238.225.246","Mozilla/5.0 (Windows NT 10.0; Win64; x64) AppleWebKit/537.36 (KHTML, like Gecko) Chrome/83.0.4103.116 Safari/537.36"
"","2020/06/30 17:16:38","セグメントなし","","7;会社としては強くすすめたいですが、親しい友人や知人とは一緒に仕事はしたくないので-3で。","当てはまる","当てはまる","当てはまる","やや当てはまる","当てはまる","当てはまる","どちらでもない","やや当てはまる","当てはまる","やや当てはまる","やや当てはまる","やや当てはまる","やや当てはまる","当てはまる","どちらでもない","当てはまる","やや当てはまる","やや当てはまる","当てはまる","やや当てはまる","どちらでもない","当てはまる","当てはまる","当てはまる","やや当てはまる","当てはまる","当てはまる","責任ある立場で組織を動かすような仕事をしたい","10年以上","男性","40～49歳","10年以上～20年未満","主任／リーダー（内勤系職種）","正社員","中途","企画部門","118.238.225.246","Mozilla/5.0 (Windows NT 10.0; Win64; x64) AppleWebKit/537.36 (KHTML, like Gecko) Chrome/70.0.3538.102 Safari/537.36 Edge/18.18363"
"","2020/06/30 15:17:05","セグメントなし","","5;職場で良いと感じる部分、悪いと感じる部分は、人それぞれ異なるため、すすめるというよりは、きちんと説明し、そのうえでマッチすれば勧める。","どちらでもない","やや当てはまる","やや当てはまる","どちらでもない","どちらでもない","どちらでもない","どちらでもない","どちらでもない","やや当てはまる","やや当てはまる","どちらでもない","やや当てはまる","どちらでもない","やや当てはまる","やや当てはまる","やや当てはまる","やや当てはまる","やや当てはまる","やや当てはまる","やや当てはまる","どちらでもない","やや当てはまる","どちらでもない","当てはまる","やや当てはまる","やや当てはまる","当てはまる","特定分野の専門家・エキスパートとして仕事をしたい","10年以上","男性","40～49歳","20年以上～","主任／リーダー（内勤系職種）","正社員","新卒","企画部門","118.238.225.246","Mozilla/5.0 (Windows NT 10.0; Win64; x64) AppleWebKit/537.36 (KHTML, like Gecko) Chrome/83.0.4103.116 Safari/537.36"
"","2020/06/30 11:13:15","セグメントなし","","8","当てはまる","当てはまる","やや当てはまる","当てはまる","どちらでもない","あまり当てはまらない","どちらでもない","どちらでもない","当てはまる","当てはまる","当てはまる","やや当てはまる","やや当てはまる","当てはまる","やや当てはまる","当てはまる","やや当てはまる","どちらでもない","当てはまる","やや当てはまる","やや当てはまる","やや当てはまる","どちらでもない","当てはまる","あまり当てはまらない","当てはまる","やや当てはまる","仕事とプライベートを両立しやすい環境で仕事をしたい","5年以上10年未満くらい","女性","40～49歳","20年以上～","その他","その他","新卒","その他部門","118.238.225.246","Mozilla/5.0 (Windows NT 10.0; Win64; x64) AppleWebKit/537.36 (KHTML, like Gecko) Chrome/83.0.4103.116 Safari/537.36"
"","2020/06/30 09:47:12","セグメントなし","","8;パートの場合：日数、時間の融通が利くため子供がいる主婦にとっては働きやすい環境と思う。
社員の場合：向上心を持って実績を残せばしっかり評価されるため、向いている人とそうでない人はあるが、やりがいのある職場と思う。","当てはまる","やや当てはまる","どちらでもない","当てはまる","やや当てはまる","あまり当てはまらない","当てはまる","やや当てはまる","やや当てはまる","やや当てはまる","当てはまる","やや当てはまる","やや当てはまる","やや当てはまる","当てはまる","やや当てはまる","やや当てはまる","どちらでもない","どちらでもない","当てはまる","あまり当てはまらない","やや当てはまる","やや当てはまる","あまり当てはまらない","どちらでもない","やや当てはまる","やや当てはまる","難しい仕事にチャレンジできる環境で仕事をしたい","10年以上","男性","40～49歳","10年以上～20年未満","取締役／役員","正社員","中途","企画部門","118.238.225.246","Mozilla/5.0 (Windows NT 10.0; Win64; x64) AppleWebKit/537.36 (KHTML, like Gecko) Chrome/83.0.4103.116 Safari/537.36"
"","2020/06/30 07:28:32","セグメントなし","","4","やや当てはまる","やや当てはまる","あまり当てはまらない","やや当てはまる","やや当てはまる","やや当てはまる","当てはまらない","あまり当てはまらない","どちらでもない","どちらでもない","やや当てはまる","どちらでもない","当てはまらない","どちらでもない","当てはまらない","やや当てはまる","やや当てはまる","当てはまらない","どちらでもない","やや当てはまる","当てはまらない","やや当てはまる","どちらでもない","あまり当てはまらない","やや当てはまる","やや当てはまる","どちらでもない","責任ある立場で組織を動かすような仕事をしたい","1年以上3年未満くらい","その他","30～39歳","10年以上～20年未満","主任／リーダー（内勤系職種）","正社員","中途","人事部門","175.177.40.33","Mozilla/5.0 (iPhone; CPU iPhone OS 12_4_1 like Mac OS X) AppleWebKit/605.1.15 (KHTML, like Gecko) Version/12.1.2 Mobile/15E148 Safari/604.1"
"","2020/06/29 22:01:13","セグメントなし","","7;自分の職場なので、隠すことなくはなすことができるから。","やや当てはまる","どちらでもない","あまり当てはまらない","やや当てはまる","やや当てはまる","どちらでもない","やや当てはまる","当てはまる","当てはまる","やや当てはまる","当てはまる","あまり当てはまらない","やや当てはまる","当てはまる","どちらでもない","当てはまる","やや当てはまる","当てはまる","当てはまる","やや当てはまる","あまり当てはまらない","どちらでもない","あまり当てはまらない","あまり当てはまらない","やや当てはまる","どちらでもない","当てはまる","常に何か新しい仕事に取り組める環境で仕事をしたい","3年以上5年未満くらい","男性","20～29歳","3年以上～5年未満","主任／リーダー（外勤系職種）","正社員","新卒","生産・製造部門","118.5.145.227","Mozilla/5.0 (Windows NT 10.0; Win64; x64) AppleWebKit/537.36 (KHTML, like Gecko) Chrome/70.0.3538.102 Safari/537.36 Edge/18.18362"
"","2020/06/29 19:08:28","セグメントなし","","5;専門的で、好きなことじゃないと続かない仕事であり、勉強し続ける意識がないといけない仕事だから、進める人による。環境やフィールドワーク・ワークショップなどが好きな人には進めたい。ただ、働く時間が環境に合わせるので、時間が不規則で、さらに忙しいため、体調を崩しやすかったり朝はやく起きたくない人には進められない。私は、一緒に働く方々が好きですし、仕事も楽しいから、覚悟あるひとには進めたいです。","当てはまる","あまり当てはまらない","あまり当てはまらない","どちらでもない","当てはまる","当てはまる","当てはまる","当てはまる","当てはまる","当てはまる","当てはまる","やや当てはまる","当てはまる","当てはまる","当てはまる","当てはまる","当てはまる","やや当てはまる","当てはまる","やや当てはまる","どちらでもない","やや当てはまる","どちらでもない","どちらでもない","どちらでもない","やや当てはまる","当てはまる","特定分野の専門家・エキスパートとして仕事をしたい","10年以上","女性","20～29歳","半年未満","プレイヤー（外勤系職種）","正社員","新卒","技術・研究開発部門","118.238.225.246","Mozilla/5.0 (Windows NT 10.0; Win64; x64) AppleWebKit/537.36 (KHTML, like Gecko) Chrome/83.0.4103.116 Safari/537.36"
"","2020/06/29 12:56:38","セグメントなし","","4;私の周辺の人間は生物の仕事がしたい！と希望する人が多い。
環境に関わらない部署となった際、友人的にも、会社的にも良い方向に行かない気がするから。","やや当てはまる","どちらでもない","どちらでもない","どちらでもない","当てはまる","あまり当てはまらない","どちらでもない","当てはまる","やや当てはまる","やや当てはまる","どちらでもない","どちらでもない","どちらでもない","やや当てはまる","どちらでもない","やや当てはまる","やや当てはまる","やや当てはまる","どちらでもない","あまり当てはまらない","どちらでもない","どちらでもない","あまり当てはまらない","どちらでもない","どちらでもない","あまり当てはまらない","どちらでもない","社会への貢献を実感できる環境で仕事をしたい","3年以上5年未満くらい","男性","20～29歳","1年以上～3年未満","プレイヤー（外勤系職種）","正社員","新卒","リサーチ部門","118.238.225.246","Mozilla/5.0 (Windows NT 10.0; Win64; x64) AppleWebKit/537.36 (KHTML, like Gecko) Chrome/83.0.4103.116 Safari/537.36 Edg/83.0.478.56"
"","2020/06/29 10:59:48","セグメントなし","","3;業務内容等に興味が無ければ非常に厳しい業界だから","どちらでもない","あまり当てはまらない","どちらでもない","やや当てはまる","どちらでもない","やや当てはまる","どちらでもない","どちらでもない","やや当てはまる","やや当てはまる","やや当てはまる","どちらでもない","やや当てはまる","どちらでもない","どちらでもない","やや当てはまる","どちらでもない","どちらでもない","どちらでもない","あまり当てはまらない","あまり当てはまらない","やや当てはまる","あまり当てはまらない","どちらでもない","やや当てはまる","どちらでもない","どちらでもない","特定分野の専門家・エキスパートとして仕事をしたい","1年以上3年未満くらい","男性","40～49歳","20年以上～","主任／リーダー（外勤系職種）","正社員","新卒","営業・販売部門（コンサルティングなどの顧客接点部門はこちらに含む）","118.238.225.246","Mozilla/5.0 (Windows NT 10.0; Win64; x64) AppleWebKit/537.36 (KHTML, like Gecko) Chrome/83.0.4103.116 Safari/537.36"
"","2020/06/29 10:55:55","セグメントなし","","5","どちらでもない","どちらでもない","どちらでもない","やや当てはまる","やや当てはまる","どちらでもない","どちらでもない","やや当てはまる","やや当てはまる","やや当てはまる","どちらでもない","どちらでもない","どちらでもない","どちらでもない","やや当てはまる","やや当てはまる","どちらでもない","どちらでもない","どちらでもない","やや当てはまる","どちらでもない","やや当てはまる","どちらでもない","やや当てはまる","あまり当てはまらない","どちらでもない","どちらでもない","特定分野の専門家・エキスパートとして仕事をしたい","半年以上1年未満くらい","男性","40～49歳","5年以上～10年未満","プレイヤー（外勤系職種）","正社員","中途","その他部門","118.238.225.246","Mozilla/5.0 (Windows NT 10.0; Win64; x64) AppleWebKit/537.36 (KHTML, like Gecko) Chrome/83.0.4103.116 Safari/537.36"
"","2020/06/29 09:53:04","セグメントなし","","5","どちらでもない","どちらでもない","どちらでもない","どちらでもない","どちらでもない","どちらでもない","どちらでもない","どちらでもない","当てはまる","当てはまる","やや当てはまる","どちらでもない","どちらでもない","やや当てはまる","どちらでもない","どちらでもない","どちらでもない","やや当てはまる","どちらでもない","どちらでもない","あまり当てはまらない","やや当てはまる","当てはまらない","やや当てはまる","やや当てはまる","やや当てはまる","どちらでもない","常に何か新しい仕事に取り組める環境で仕事をしたい","10年以上","男性","20～29歳","1年以上～3年未満","プレイヤー（外勤系職種）","正社員","新卒","技術・研究開発部門","118.238.225.246","Mozilla/5.0 (Windows NT 10.0; Win64; x64) AppleWebKit/537.36 (KHTML, like Gecko) Chrome/83.0.4103.116 Safari/537.36"
"","2020/06/29 09:40:24","セグメントなし","","7;本人次第でやりたいことに挑戦できる風土は確かにあると考えており、挑戦したい人にはおすすめできると思う。反面大変なこともたくさんあるので7で","当てはまる","当てはまる","当てはまる","当てはまる","やや当てはまる","やや当てはまる","当てはまらない","あまり当てはまらない","どちらでもない","やや当てはまる","やや当てはまる","やや当てはまる","やや当てはまる","当てはまる","やや当てはまる","当てはまる","やや当てはまる","やや当てはまる","やや当てはまる","どちらでもない","当てはまらない","やや当てはまる","あまり当てはまらない","どちらでもない","やや当てはまる","どちらでもない","どちらでもない","社会への貢献を実感できる環境で仕事をしたい","10年以上","男性","40～49歳","10年以上～20年未満","プレイヤー（外勤系職種）","正社員","中途","生産・製造部門","118.238.225.246","Mozilla/5.0 (Windows NT 10.0; Win64; x64) AppleWebKit/537.36 (KHTML, like Gecko) Chrome/83.0.4103.116 Safari/537.36"
"","2020/06/27 17:37:34","セグメントなし","","5;どこの建設コンサルタントも同様と感じるから","どちらでもない","やや当てはまる","やや当てはまる","どちらでもない","やや当てはまる","どちらでもない","あまり当てはまらない","あまり当てはまらない","どちらでもない","当てはまる","どちらでもない","どちらでもない","やや当てはまる","当てはまる","当てはまる","当てはまる","やや当てはまる","やや当てはまる","どちらでもない","やや当てはまる","どちらでもない","当てはまる","どちらでもない","どちらでもない","やや当てはまる","やや当てはまる","やや当てはまる","仕事とプライベートを両立しやすい環境で仕事をしたい","10年以上","男性","40～49歳","5年以上～10年未満","プレイヤー（内勤系職種）","正社員","中途","営業・販売部門（コンサルティングなどの顧客接点部門はこちらに含む）","114.164.62.202","Mozilla/5.0 (Windows NT 10.0; Win64; x64) AppleWebKit/537.36 (KHTML, like Gecko) Chrome/83.0.4103.116 Safari/537.36"
"","2020/06/27 09:00:47","セグメントなし","","3;同じ業界であればたくさん会社があるので、色んな会社を検討してみるべき。その中にミクニヤという選択肢があれば、という風に考える","どちらでもない","あまり当てはまらない","どちらでもない","あまり当てはまらない","あまり当てはまらない","どちらでもない","どちらでもない","あまり当てはまらない","やや当てはまる","あまり当てはまらない","どちらでもない","どちらでもない","どちらでもない","やや当てはまる","どちらでもない","どちらでもない","どちらでもない","どちらでもない","どちらでもない","やや当てはまる","あまり当てはまらない","あまり当てはまらない","どちらでもない","あまり当てはまらない","やや当てはまる","あまり当てはまらない","どちらでもない","仕事とプライベートを両立しやすい環境で仕事をしたい","半年以内くらい","女性","20～29歳","5年以上～10年未満","プレイヤー（外勤系職種）","正社員","新卒","マーケティング部門（広報も含む）","118.238.225.246","Mozilla/5.0 (Windows NT 10.0; Win64; x64) AppleWebKit/537.36 (KHTML, like Gecko) Chrome/83.0.4103.116 Safari/537.36 Edg/83.0.478.56"
"","2020/06/27 08:46:53","セグメントなし","","7","当てはまる","当てはまる","当てはまる","当てはまる","当てはまる","当てはまる","当てはまる","当てはまる","当てはまる","当てはまる","当てはまる","当てはまる","当てはまる","当てはまる","当てはまる","当てはまる","当てはまる","当てはまる","当てはまる","当てはまる","当てはまる","当てはまる","当てはまる","当てはまる","当てはまる","当てはまる","当てはまる","社会への貢献を実感できる環境で仕事をしたい","10年以上","男性","20～29歳","半年未満","プレイヤー（内勤系職種）","正社員","新卒","技術・研究開発部門","118.238.225.246","Mozilla/5.0 (Windows NT 10.0; Win64; x64) AppleWebKit/537.36 (KHTML, like Gecko) Chrome/70.0.3538.102 Safari/537.36 Edge/18.18362"
"","2020/06/26 21:04:28","セグメントなし","","5","やや当てはまる","やや当てはまる","どちらでもない","どちらでもない","あまり当てはまらない","あまり当てはまらない","どちらでもない","やや当てはまる","やや当てはまる","どちらでもない","どちらでもない","どちらでもない","どちらでもない","やや当てはまる","当てはまる","やや当てはまる","やや当てはまる","どちらでもない","あまり当てはまらない","やや当てはまる","どちらでもない","やや当てはまる","あまり当てはまらない","どちらでもない","やや当てはまる","やや当てはまる","どちらでもない","自分の決めたやり方やペースを守れる環境で仕事をしたい","3年以上5年未満くらい","男性","20～29歳","1年以上～3年未満","プレイヤー（外勤系職種）","正社員","新卒","その他部門","118.238.225.246","Mozilla/5.0 (Windows NT 10.0; Win64; x64) AppleWebKit/537.36 (KHTML, like Gecko) Chrome/83.0.4103.116 Safari/537.36"
"","2020/06/26 20:42:15","セグメントなし","","5","やや当てはまる","あまり当てはまらない","どちらでもない","どちらでもない","あまり当てはまらない","あまり当てはまらない","やや当てはまる","どちらでもない","どちらでもない","どちらでもない","やや当てはまる","どちらでもない","どちらでもない","どちらでもない","どちらでもない","やや当てはまる","どちらでもない","あまり当てはまらない","あまり当てはまらない","あまり当てはまらない","あまり当てはまらない","どちらでもない","どちらでもない","どちらでもない","どちらでもない","どちらでもない","どちらでもない","仕事とプライベートを両立しやすい環境で仕事をしたい","3年以上5年未満くらい","男性","20～29歳","5年以上～10年未満","プレイヤー（外勤系職種）","正社員","新卒","人事部門","153.197.37.143","Mozilla/5.0 (Windows NT 10.0; Win64; x64) AppleWebKit/537.36 (KHTML, like Gecko) Chrome/70.0.3538.102 Safari/537.36 Edge/18.18363"
"","2020/06/26 18:46:45","セグメントなし","","2;知人に生物関係が多く、生物関係の業務だけやるわけではないため、長続きしない可能性が高いから。","どちらでもない","あまり当てはまらない","あまり当てはまらない","どちらでもない","どちらでもない","どちらでもない","どちらでもない","どちらでもない","どちらでもない","どちらでもない","どちらでもない","あまり当てはまらない","あまり当てはまらない","どちらでもない","やや当てはまる","どちらでもない","どちらでもない","あまり当てはまらない","どちらでもない","どちらでもない","どちらでもない","あまり当てはまらない","どちらでもない","どちらでもない","やや当てはまる","あまり当てはまらない","あまり当てはまらない","仕事とプライベートを両立しやすい環境で仕事をしたい","1年以上3年未満くらい","男性","20～29歳","5年以上～10年未満","プレイヤー（外勤系職種）","正社員","新卒","営業・販売部門（コンサルティングなどの顧客接点部門はこちらに含む）","118.238.225.246","Mozilla/5.0 (Windows NT 10.0; Win64; x64) AppleWebKit/537.36 (KHTML, like Gecko) Chrome/83.0.4103.116 Safari/537.36"
"","2020/06/26 18:43:37","セグメントなし","","5","やや当てはまる","どちらでもない","どちらでもない","やや当てはまる","どちらでもない","どちらでもない","やや当てはまる","やや当てはまる","やや当てはまる","どちらでもない","やや当てはまる","どちらでもない","どちらでもない","どちらでもない","やや当てはまる","やや当てはまる","どちらでもない","どちらでもない","どちらでもない","やや当てはまる","どちらでもない","やや当てはまる","どちらでもない","やや当てはまる","どちらでもない","どちらでもない","やや当てはまる","自分の決めたやり方やペースを守れる環境で仕事をしたい","3年以上5年未満くらい","男性","50～59歳","20年以上～","その他","正社員","中途","その他部門","118.238.225.246","Mozilla/5.0 (Windows NT 10.0; Win64; x64; rv:77.0) Gecko/20100101 Firefox/77.0"
"","2020/06/26 18:38:06","セグメントなし","","0","やや当てはまる","当てはまらない","当てはまらない","あまり当てはまらない","やや当てはまる","やや当てはまる","どちらでもない","どちらでもない","当てはまる","当てはまらない","どちらでもない","どちらでもない","あまり当てはまらない","やや当てはまる","あまり当てはまらない","当てはまらない","あまり当てはまらない","あまり当てはまらない","どちらでもない","どちらでもない","どちらでもない","あまり当てはまらない","どちらでもない","当てはまらない","やや当てはまる","どちらでもない","あまり当てはまらない","特定分野の専門家・エキスパートとして仕事をしたい","半年以上1年未満くらい","男性","20～29歳","5年以上～10年未満","プレイヤー（外勤系職種）","正社員","新卒","マーケティング部門（広報も含む）","118.238.225.246","Mozilla/5.0 (Windows NT 10.0; Win64; x64) AppleWebKit/537.36 (KHTML, like Gecko) Chrome/83.0.4103.116 Safari/537.36"
"","2020/06/26 18:22:20","セグメントなし","","7","やや当てはまる","当てはまる","当てはまる","あまり当てはまらない","当てはまる","当てはまる","当てはまる","当てはまる","当てはまる","当てはまる","どちらでもない","やや当てはまる","やや当てはまる","当てはまる","当てはまる","当てはまる","当てはまる","やや当てはまる","やや当てはまる","やや当てはまる","当てはまる","どちらでもない","どちらでもない","当てはまる","やや当てはまる","やや当てはまる","やや当てはまる","特定分野の専門家・エキスパートとして仕事をしたい","10年以上","男性","20～29歳","半年未満","プレイヤー（外勤系職種）","正社員","新卒","人事部門","118.238.225.246","Mozilla/5.0 (Windows NT 10.0; Win64; x64) AppleWebKit/537.36 (KHTML, like Gecko) Chrome/70.0.3538.102 Safari/537.36 Edge/18.18362"
"","2020/06/24 19:16:38","セグメントなし","","4;パートであれば勤務時間に融通がきくのですすめますが、正社員は給与の面ですすめられない。","やや当てはまる","やや当てはまる","やや当てはまる","やや当てはまる","やや当てはまる","やや当てはまる","やや当てはまる","やや当てはまる","やや当てはまる","やや当てはまる","どちらでもない","やや当てはまる","どちらでもない","やや当てはまる","やや当てはまる","やや当てはまる","やや当てはまる","どちらでもない","やや当てはまる","やや当てはまる","あまり当てはまらない","当てはまる","あまり当てはまらない","やや当てはまる","当てはまる","当てはまる","当てはまる","仕事とプライベートを両立しやすい環境で仕事をしたい","5年以上10年未満くらい","女性","50～59歳","10年以上～20年未満","プレイヤー（内勤系職種）","正社員","中途","人事部門","118.238.225.246","Mozilla/5.0 (Windows NT 10.0; Win64; x64) AppleWebKit/537.36 (KHTML, like Gecko) Chrome/83.0.4103.116 Safari/537.36"
"","2020/06/24 18:52:17","セグメントなし","","5;職場の雰囲気や裁量を持たせた仕事のやり方は好材料だが、現行の給与待遇は業界内で他社に劣るため。","やや当てはまる","どちらでもない","あまり当てはまらない","やや当てはまる","やや当てはまる","やや当てはまる","どちらでもない","どちらでもない","やや当てはまる","やや当てはまる","どちらでもない","やや当てはまる","やや当てはまる","やや当てはまる","どちらでもない","やや当てはまる","やや当てはまる","どちらでもない","どちらでもない","どちらでもない","あまり当てはまらない","どちらでもない","あまり当てはまらない","どちらでもない","どちらでもない","どちらでもない","どちらでもない","社会への貢献を実感できる環境で仕事をしたい","5年以上10年未満くらい","男性","40～49歳","10年以上～20年未満","プレイヤー（外勤系職種）","正社員","新卒","営業・販売部門（コンサルティングなどの顧客接点部門はこちらに含む）","118.238.225.246","Mozilla/5.0 (Windows NT 10.0; Win64; x64) AppleWebKit/537.36 (KHTML, like Gecko) Chrome/70.0.3538.102 Safari/537.36 Edge/18.18362"
"","2020/06/24 10:03:40","セグメントなし","","3","あまり当てはまらない","どちらでもない","やや当てはまる","あまり当てはまらない","あまり当てはまらない","あまり当てはまらない","あまり当てはまらない","あまり当てはまらない","あまり当てはまらない","あまり当てはまらない","あまり当てはまらない","どちらでもない","どちらでもない","やや当てはまる","どちらでもない","あまり当てはまらない","あまり当てはまらない","当てはまらない","どちらでもない","どちらでもない","当てはまらない","どちらでもない","どちらでもない","どちらでもない","あまり当てはまらない","やや当てはまる","どちらでもない","社会への貢献を実感できる環境で仕事をしたい","半年以上1年未満くらい","女性","40～49歳","5年以上～10年未満","プレイヤー（内勤系職種）","その他","中途","営業・販売部門（コンサルティングなどの顧客接点部門はこちらに含む）","118.238.225.246","Mozilla/5.0 (Windows NT 10.0; Win64; x64) AppleWebKit/537.36 (KHTML, like Gecko) Chrome/83.0.4103.106 Safari/537.36 Edg/83.0.478.54"
"","2020/06/23 17:21:24","セグメントなし","","5;おすすめする理由もおすすめしない理由もすぐには思いつかなかったので。","やや当てはまる","あまり当てはまらない","やや当てはまる","当てはまらない","やや当てはまる","当てはまらない","当てはまらない","やや当てはまる","当てはまらない","やや当てはまる","やや当てはまる","当てはまらない","やや当てはまる","やや当てはまる","やや当てはまる","やや当てはまる","あまり当てはまらない","当てはまらない","あまり当てはまらない","当てはまらない","やや当てはまる","当てはまる","当てはまる","当てはまらない","どちらでもない","当てはまらない","当てはまる","先々を見通せる安定した環境で仕事をしたい","10年以上","男性","50～59歳","20年以上～","プレイヤー（内勤系職種）","契約社員（嘱託社員やパート・アルバイトなどを含む）","中途","営業・販売部門（コンサルティングなどの顧客接点部門はこちらに含む）","118.238.225.246","Mozilla/5.0 (Windows NT 10.0; Win64; x64) AppleWebKit/537.36 (KHTML, like Gecko) Chrome/70.0.3538.102 Safari/537.36 Edge/18.18362"
"","2020/06/23 11:30:21","セグメントなし","","7;筋道と意欲さえあれば、自信の意思を通すことができる","やや当てはまる","どちらでもない","どちらでもない","当てはまる","どちらでもない","やや当てはまる","どちらでもない","どちらでもない","やや当てはまる","やや当てはまる","やや当てはまる","やや当てはまる","やや当てはまる","やや当てはまる","やや当てはまる","やや当てはまる","やや当てはまる","やや当てはまる","どちらでもない","やや当てはまる","あまり当てはまらない","やや当てはまる","どちらでもない","あまり当てはまらない","あまり当てはまらない","やや当てはまる","やや当てはまる","社会への貢献を実感できる環境で仕事をしたい","10年以上","男性","40～49歳","10年以上～20年未満","課長（複数のチームのマネジメント）","正社員","新卒","生産・製造部門","118.238.225.246","Mozilla/5.0 (Windows NT 10.0; Win64; x64) AppleWebKit/537.36 (KHTML, like Gecko) Chrome/83.0.4103.106 Safari/537.36"
"","2020/06/23 11:16:17","セグメントなし","","7;出勤日の融通がきくから。","あまり当てはまらない","どちらでもない","どちらでもない","あまり当てはまらない","あまり当てはまらない","あまり当てはまらない","どちらでもない","どちらでもない","やや当てはまる","やや当てはまる","どちらでもない","あまり当てはまらない","どちらでもない","やや当てはまる","どちらでもない","やや当てはまる","どちらでもない","どちらでもない","どちらでもない","どちらでもない","どちらでもない","当てはまる","どちらでもない","あまり当てはまらない","あまり当てはまらない","どちらでもない","やや当てはまる","仕事とプライベートを両立しやすい環境で仕事をしたい","半年以上1年未満くらい","女性","30～39歳","3年以上～5年未満","プレイヤー（内勤系職種）","その他","中途","営業・販売部門（コンサルティングなどの顧客接点部門はこちらに含む）","118.238.225.246","Mozilla/5.0 (Windows NT 10.0; Win64; x64) AppleWebKit/537.36 (KHTML, like Gecko) Chrome/83.0.4103.106 Safari/537.36 Edg/83.0.478.54"
"","2020/06/23 09:59:27","セグメントなし","","5;本職場が知人・友人に本当に適切かわからないため。","やや当てはまる","どちらでもない","どちらでもない","やや当てはまる","やや当てはまる","どちらでもない","やや当てはまる","やや当てはまる","どちらでもない","どちらでもない","どちらでもない","やや当てはまる","あまり当てはまらない","当てはまる","やや当てはまる","やや当てはまる","やや当てはまる","どちらでもない","あまり当てはまらない","やや当てはまる","やや当てはまる","やや当てはまる","当てはまる","あまり当てはまらない","どちらでもない","どちらでもない","やや当てはまる","社会への貢献を実感できる環境で仕事をしたい","10年以上","男性","40～49歳","20年以上～","取締役／役員","正社員","新卒","生産・製造部門","118.238.225.246","Mozilla/5.0 (Windows NT 10.0; Win64; x64) AppleWebKit/537.36 (KHTML, like Gecko) Chrome/83.0.4103.106 Safari/537.36"
"","2020/06/23 09:50:18","セグメントなし","","7;子供の体調不良などで休みたいとき、休みやすい。
仕事の内容が細かい。","やや当てはまる","当てはまる","やや当てはまる","どちらでもない","どちらでもない","どちらでもない","どちらでもない","どちらでもない","当てはまる","やや当てはまる","どちらでもない","どちらでもない","どちらでもない","どちらでもない","どちらでもない","やや当てはまる","どちらでもない","どちらでもない","どちらでもない","どちらでもない","どちらでもない","やや当てはまる","どちらでもない","どちらでもない","当てはまる","当てはまる","当てはまる","仕事とプライベートを両立しやすい環境で仕事をしたい","10年以上","女性","40～49歳","5年以上～10年未満","プレイヤー（内勤系職種）","その他","中途","企画部門","118.238.225.246","Mozilla/5.0 (Windows NT 10.0; Win64; x64) AppleWebKit/537.36 (KHTML, like Gecko) Chrome/83.0.4103.106 Safari/537.36"
"","2020/06/22 16:30:40","セグメントなし","","5","あまり当てはまらない","どちらでもない","どちらでもない","どちらでもない","やや当てはまる","どちらでもない","どちらでもない","どちらでもない","やや当てはまる","やや当てはまる","あまり当てはまらない","あまり当てはまらない","あまり当てはまらない","どちらでもない","やや当てはまる","やや当てはまる","どちらでもない","どちらでもない","どちらでもない","やや当てはまる","どちらでもない","どちらでもない","どちらでもない","あまり当てはまらない","どちらでもない","どちらでもない","どちらでもない","先々を見通せる安定した環境で仕事をしたい","半年以上1年未満くらい","男性","20～29歳","3年以上～5年未満","プレイヤー（外勤系職種）","正社員","新卒","その他部門","118.238.225.246","Mozilla/5.0 (Windows NT 10.0; Win64; x64) AppleWebKit/537.36 (KHTML, like Gecko) Chrome/70.0.3538.102 Safari/537.36 Edge/18.18363"
"","2020/06/22 16:16:43","セグメントなし","","5;どちらともいえないため","あまり当てはまらない","あまり当てはまらない","あまり当てはまらない","あまり当てはまらない","やや当てはまる","やや当てはまる","やや当てはまる","どちらでもない","当てはまる","あまり当てはまらない","やや当てはまる","当てはまらない","あまり当てはまらない","やや当てはまる","やや当てはまる","やや当てはまる","あまり当てはまらない","当てはまらない","やや当てはまる","あまり当てはまらない","あまり当てはまらない","どちらでもない","あまり当てはまらない","あまり当てはまらない","どちらでもない","どちらでもない","どちらでもない","社会への貢献を実感できる環境で仕事をしたい","半年以内くらい","女性","30～39歳","10年以上～20年未満","部長（複数の課のマネジメント）","正社員","新卒","マーケティング部門（広報も含む）","118.238.225.246","Mozilla/5.0 (Windows NT 10.0; Win64; x64) AppleWebKit/537.36 (KHTML, like Gecko) Chrome/83.0.4103.106 Safari/537.36"
"","2020/06/22 11:57:52","セグメントなし","","5","どちらでもない","どちらでもない","どちらでもない","どちらでもない","どちらでもない","どちらでもない","どちらでもない","あまり当てはまらない","やや当てはまる","やや当てはまる","やや当てはまる","どちらでもない","どちらでもない","どちらでもない","どちらでもない","どちらでもない","やや当てはまる","どちらでもない","どちらでもない","どちらでもない","当てはまらない","やや当てはまる","あまり当てはまらない","どちらでもない","やや当てはまる","やや当てはまる","やや当てはまる","先々を見通せる安定した環境で仕事をしたい","1年以上3年未満くらい","女性","40～49歳","半年以上～1年未満","プレイヤー（内勤系職種）","その他","中途","企画部門","118.238.225.246","Mozilla/5.0 (Windows NT 10.0; Win64; x64) AppleWebKit/537.36 (KHTML, like Gecko) Chrome/83.0.4103.106 Safari/537.36"
"","2020/06/22 11:54:56","セグメントなし","","5;業務内容に対して個人の向き不向きがあるので、一概には言えない","どちらでもない","やや当てはまる","あまり当てはまらない","どちらでもない","どちらでもない","当てはまらない","どちらでもない","どちらでもない","当てはまる","やや当てはまる","あまり当てはまらない","どちらでもない","どちらでもない","どちらでもない","どちらでもない","やや当てはまる","どちらでもない","どちらでもない","どちらでもない","どちらでもない","どちらでもない","どちらでもない","どちらでもない","やや当てはまる","当てはまる","どちらでもない","やや当てはまる","仕事とプライベートを両立しやすい環境で仕事をしたい","5年以上10年未満くらい","女性","50～59歳","1年以上～3年未満","プレイヤー（内勤系職種）","その他","中途","企画部門","118.238.225.246","Mozilla/5.0 (Windows NT 10.0; Win64; x64) AppleWebKit/537.36 (KHTML, like Gecko) Chrome/83.0.4103.106 Safari/537.36 Edg/83.0.478.54"
"","2020/06/22 11:53:59","セグメントなし","","3;業務内容が難しいと思うから","どちらでもない","どちらでもない","当てはまらない","やや当てはまる","やや当てはまる","当てはまらない","当てはまらない","当てはまらない","やや当てはまる","どちらでもない","やや当てはまる","どちらでもない","どちらでもない","どちらでもない","どちらでもない","あまり当てはまらない","やや当てはまる","どちらでもない","どちらでもない","どちらでもない","当てはまらない","どちらでもない","当てはまらない","どちらでもない","やや当てはまる","やや当てはまる","やや当てはまる","仕事とプライベートを両立しやすい環境で仕事をしたい","5年以上10年未満くらい","女性","40～49歳","5年以上～10年未満","プレイヤー（内勤系職種）","その他","中途","企画部門","118.238.225.246","Mozilla/5.0 (Windows NT 10.0; Win64; x64) AppleWebKit/537.36 (KHTML, like Gecko) Chrome/83.0.4103.106 Safari/537.36"
"","2020/06/22 11:53:59","セグメントなし","","6;子供がいれば働きやすいし楽しいが、忙しい時は大変なので、友人にはすすんで進められない。","どちらでもない","どちらでもない","どちらでもない","どちらでもない","当てはまる","あまり当てはまらない","やや当てはまる","やや当てはまる","やや当てはまる","どちらでもない","どちらでもない","どちらでもない","どちらでもない","どちらでもない","やや当てはまる","やや当てはまる","やや当てはまる","どちらでもない","やや当てはまる","どちらでもない","どちらでもない","当てはまる","あまり当てはまらない","どちらでもない","当てはまる","やや当てはまる","あまり当てはまらない","仕事とプライベートを両立しやすい環境で仕事をしたい","5年以上10年未満くらい","女性","40～49歳","3年以上～5年未満","プレイヤー（内勤系職種）","その他","中途","企画部門","118.238.225.246","Mozilla/5.0 (Windows NT 10.0; WOW64; Trident/7.0; rv:11.0) like Gecko"
"","2020/06/22 11:53:50","セグメントなし","","4","どちらでもない","どちらでもない","あまり当てはまらない","どちらでもない","あまり当てはまらない","当てはまらない","どちらでもない","どちらでもない","当てはまる","どちらでもない","どちらでもない","どちらでもない","どちらでもない","どちらでもない","どちらでもない","どちらでもない","どちらでもない","どちらでもない","どちらでもない","どちらでもない","あまり当てはまらない","どちらでもない","どちらでもない","どちらでもない","当てはまる","どちらでもない","どちらでもない","自分の決めたやり方やペースを守れる環境で仕事をしたい","5年以上10年未満くらい","女性","40～49歳","5年以上～10年未満","プレイヤー（内勤系職種）","その他","中途","企画部門","118.238.225.246","Mozilla/5.0 (Windows NT 10.0; Win64; x64) AppleWebKit/537.36 (KHTML, like Gecko) Chrome/83.0.4103.106 Safari/537.36"
"","2020/06/22 10:36:04","セグメントなし","","5","やや当てはまる","どちらでもない","どちらでもない","どちらでもない","やや当てはまる","どちらでもない","あまり当てはまらない","どちらでもない","当てはまる","やや当てはまる","どちらでもない","どちらでもない","どちらでもない","どちらでもない","どちらでもない","やや当てはまる","やや当てはまる","どちらでもない","どちらでもない","どちらでもない","当てはまらない","当てはまる","どちらでもない","どちらでもない","どちらでもない","どちらでもない","どちらでもない","仕事とプライベートを両立しやすい環境で仕事をしたい","3年以上5年未満くらい","女性","50～59歳","3年以上～5年未満","プレイヤー（内勤系職種）","その他","中途","企画部門","118.238.225.246","Mozilla/5.0 (Windows NT 10.0; Win64; x64) AppleWebKit/537.36 (KHTML, like Gecko) Chrome/83.0.4103.106 Safari/537.36"
"","2020/06/22 09:52:18","セグメントなし","","2","やや当てはまる","当てはまる","あまり当てはまらない","当てはまらない","当てはまらない","当てはまらない","当てはまらない","当てはまらない","どちらでもない","当てはまらない","どちらでもない","どちらでもない","どちらでもない","どちらでもない","あまり当てはまらない","当てはまらない","当てはまらない","当てはまらない","当てはまらない","あまり当てはまらない","あまり当てはまらない","当てはまる","当てはまる","当てはまらない","当てはまらない","当てはまらない","やや当てはまる","常に何か新しい仕事に取り組める環境で仕事をしたい","3年以上5年未満くらい","女性","50～59歳","10年以上～20年未満","プレイヤー（内勤系職種）","その他","中途","営業・販売部門（コンサルティングなどの顧客接点部門はこちらに含む）","118.238.225.246","Mozilla/5.0 (Windows NT 10.0; Win64; x64) AppleWebKit/537.36 (KHTML, like Gecko) Chrome/70.0.3538.102 Safari/537.36 Edge/18.18362"
"","2020/06/22 09:39:15","セグメントなし","","8;子育て中なので、休みを取りやすいことがありがたい。
働いているみなさんがとても親切にしてくれ、楽しいこと。
","やや当てはまる","当てはまる","やや当てはまる","やや当てはまる","やや当てはまる","当てはまらない","やや当てはまる","やや当てはまる","当てはまる","当てはまる","どちらでもない","どちらでもない","やや当てはまる","当てはまる","やや当てはまる","当てはまる","やや当てはまる","当てはまる","やや当てはまる","どちらでもない","あまり当てはまらない","当てはまる","どちらでもない","当てはまる","当てはまる","やや当てはまる","当てはまる","先々を見通せる安定した環境で仕事をしたい","5年以上10年未満くらい","女性","40～49歳","3年以上～5年未満","プレイヤー（内勤系職種）","その他","中途","企画部門","118.238.225.246","Mozilla/5.0 (Windows NT 10.0; Win64; x64) AppleWebKit/537.36 (KHTML, like Gecko) Chrome/83.0.4103.106 Safari/537.36"
"","2020/06/22 09:33:58","セグメントなし","","6","やや当てはまる","やや当てはまる","やや当てはまる","やや当てはまる","どちらでもない","どちらでもない","やや当てはまる","やや当てはまる","当てはまる","当てはまる","やや当てはまる","どちらでもない","やや当てはまる","やや当てはまる","当てはまる","当てはまる","当てはまる","当てはまる","やや当てはまる","当てはまる","どちらでもない","当てはまる","どちらでもない","やや当てはまる","当てはまる","当てはまる","当てはまる","仕事とプライベートを両立しやすい環境で仕事をしたい","5年以上10年未満くらい","女性","40～49歳","5年以上～10年未満","プレイヤー（内勤系職種）","その他","中途","企画部門","118.238.225.246","Mozilla/5.0 (Windows NT 10.0; Win64; x64) AppleWebKit/537.36 (KHTML, like Gecko) Chrome/83.0.4103.106 Safari/537.36"
"","2020/06/22 09:19:54","セグメントなし","","3","どちらでもない","どちらでもない","どちらでもない","やや当てはまる","やや当てはまる","あまり当てはまらない","どちらでもない","どちらでもない","どちらでもない","当てはまる","どちらでもない","どちらでもない","どちらでもない","やや当てはまる","やや当てはまる","どちらでもない","やや当てはまる","どちらでもない","どちらでもない","どちらでもない","どちらでもない","やや当てはまる","やや当てはまる","どちらでもない","当てはまる","どちらでもない","どちらでもない","特定分野の専門家・エキスパートとして仕事をしたい","5年以上10年未満くらい","男性","40～49歳","5年以上～10年未満","プレイヤー（内勤系職種）","その他","中途","企画部門","118.238.225.246","Mozilla/5.0 (Windows NT 10.0; Win64; x64) AppleWebKit/537.36 (KHTML, like Gecko) Chrome/83.0.4103.106 Safari/537.36"
"","2020/06/22 09:10:36","セグメントなし","","5;私はアルバイトですが、パートさんの勤務時間に融通が利き点はお勧めできるのですが、給与が低いのであまりお勧めできません。","やや当てはまる","あまり当てはまらない","あまり当てはまらない","あまり当てはまらない","あまり当てはまらない","あまり当てはまらない","あまり当てはまらない","どちらでもない","やや当てはまる","やや当てはまる","やや当てはまる","やや当てはまる","やや当てはまる","やや当てはまる","どちらでもない","やや当てはまる","やや当てはまる","やや当てはまる","やや当てはまる","やや当てはまる","あまり当てはまらない","やや当てはまる","やや当てはまる","やや当てはまる","やや当てはまる","やや当てはまる","やや当てはまる","常に何か新しい仕事に取り組める環境で仕事をしたい","3年以上5年未満くらい","男性","50～59歳","5年以上～10年未満","プレイヤー（内勤系職種）","契約社員（嘱託社員やパート・アルバイトなどを含む）","中途","技術・研究開発部門","118.238.225.246","Mozilla/5.0 (Windows NT 10.0; Win64; x64) AppleWebKit/537.36 (KHTML, like Gecko) Chrome/83.0.4103.106 Safari/537.36"
"","2020/06/21 16:32:25","セグメントなし","","2;経営陣の理想と実労部隊のキャパっとのギャップがありすぎる","やや当てはまる","どちらでもない","あまり当てはまらない","やや当てはまる","やや当てはまる","やや当てはまる","どちらでもない","あまり当てはまらない","あまり当てはまらない","あまり当てはまらない","どちらでもない","どちらでもない","あまり当てはまらない","どちらでもない","どちらでもない","あまり当てはまらない","どちらでもない","どちらでもない","あまり当てはまらない","あまり当てはまらない","あまり当てはまらない","やや当てはまる","あまり当てはまらない","あまり当てはまらない","やや当てはまる","どちらでもない","どちらでもない","責任ある立場で組織を動かすような仕事をしたい","3年以上5年未満くらい","男性","40～49歳","10年以上～20年未満","課長（複数のチームのマネジメント）","正社員","中途","マーケティング部門（広報も含む）","118.238.225.246","Mozilla/5.0 (Windows NT 10.0; Win64; x64) AppleWebKit/537.36 (KHTML, like Gecko) Chrome/83.0.4103.106 Safari/537.36"
"","2020/06/19 19:48:37","セグメントなし","","7;出勤日時の融通が利く。仕事のやりがいがある。","当てはまる","やや当てはまる","やや当てはまる","どちらでもない","どちらでもない","当てはまらない","どちらでもない","当てはまる","やや当てはまる","やや当てはまる","あまり当てはまらない","どちらでもない","やや当てはまる","どちらでもない","やや当てはまる","やや当てはまる","やや当てはまる","やや当てはまる","やや当てはまる","やや当てはまる","当てはまる","当てはまる","やや当てはまる","あまり当てはまらない","やや当てはまる","どちらでもない","やや当てはまる","社会への貢献を実感できる環境で仕事をしたい","5年以上10年未満くらい","女性","40～49歳","20年以上～","プレイヤー（内勤系職種）","その他","中途","企画部門","118.238.225.246","Mozilla/5.0 (Windows NT 10.0; Win64; x64; rv:77.0) Gecko/20100101 Firefox/77.0"
"","2020/06/19 18:45:51","セグメントなし","","0;控えめにブラック企業","やや当てはまる","当てはまらない","当てはまらない","当てはまらない","やや当てはまる","やや当てはまる","あまり当てはまらない","やや当てはまる","やや当てはまる","やや当てはまる","やや当てはまる","当てはまらない","当てはまらない","やや当てはまる","やや当てはまる","やや当てはまる","やや当てはまる","当てはまらない","どちらでもない","当てはまらない","当てはまらない","当てはまらない","当てはまらない","当てはまらない","当てはまらない","当てはまらない","当てはまらない","仕事とプライベートを両立しやすい環境で仕事をしたい","半年以内くらい","男性","20～29歳","1年以上～3年未満","プレイヤー（外勤系職種）","正社員","新卒","その他部門","118.238.225.246","Mozilla/5.0 (Windows NT 10.0; Win64; x64) AppleWebKit/537.36 (KHTML, like Gecko) Chrome/83.0.4103.106 Safari/537.36"
"","2020/06/19 13:47:42","セグメントなし","","7;家庭と仕事が両立できる環境・職場の雰囲気が良い","当てはまる","当てはまる","当てはまる","どちらでもない","当てはまる","どちらでもない","どちらでもない","当てはまる","当てはまる","当てはまる","当てはまる","どちらでもない","当てはまる","当てはまる","当てはまる","当てはまる","当てはまる","どちらでもない","どちらでもない","当てはまる","当てはまる","当てはまる","当てはまる","当てはまる","当てはまる","当てはまる","当てはまる","仕事とプライベートを両立しやすい環境で仕事をしたい","1年以上3年未満くらい","女性","50～59歳","5年以上～10年未満","プレイヤー（内勤系職種）","その他","中途","企画部門","118.238.225.246","Mozilla/5.0 (Windows NT 10.0; ) AppleWebKit/537.36 (KHTML, like Gecko) Chrome/83.0.4103.106 Safari/537.36"
"","2020/06/19 08:52:12","セグメントなし","","3;友人知人と職場は別。","当てはまる","やや当てはまる","やや当てはまる","当てはまる","やや当てはまる","やや当てはまる","当てはまる","当てはまる","当てはまる","当てはまる","やや当てはまる","やや当てはまる","やや当てはまる","当てはまる","どちらでもない","当てはまる","当てはまる","当てはまる","やや当てはまる","当てはまる","やや当てはまる","やや当てはまる","あまり当てはまらない","どちらでもない","やや当てはまる","あまり当てはまらない","やや当てはまる","社会への貢献を実感できる環境で仕事をしたい","10年以上","男性","50～59歳","20年以上～","部長（複数の課のマネジメント）","正社員","新卒","技術・研究開発部門","118.238.225.246","Mozilla/5.0 (Windows NT 10.0; Win64; x64) AppleWebKit/537.36 (KHTML, like Gecko) Chrome/83.0.4103.106 Safari/537.36"
"","2020/06/18 18:13:12","セグメントなし","","5","当てはまる","当てはまる","当てはまる","やや当てはまる","当てはまる","当てはまる","どちらでもない","どちらでもない","当てはまる","当てはまる","どちらでもない","やや当てはまる","どちらでもない","当てはまる","当てはまる","当てはまる","当てはまる","どちらでもない","どちらでもない","当てはまる","当てはまる","どちらでもない","どちらでもない","当てはまる","当てはまる","どちらでもない","当てはまる","特定分野の専門家・エキスパートとして仕事をしたい","10年以上","男性","20～29歳","半年未満","プレイヤー（外勤系職種）","正社員","新卒","マーケティング部門（広報も含む）","118.238.225.246","Mozilla/5.0 (Windows NT 10.0; Win64; x64) AppleWebKit/537.36 (KHTML, like Gecko) Chrome/83.0.4103.106 Safari/537.36"
"","2020/06/18 12:10:04","セグメントなし","","6","当てはまる","当てはまる","当てはまる","やや当てはまる","やや当てはまる","どちらでもない","どちらでもない","どちらでもない","どちらでもない","やや当てはまる","どちらでもない","どちらでもない","どちらでもない","どちらでもない","どちらでもない","どちらでもない","どちらでもない","どちらでもない","どちらでもない","どちらでもない","当てはまる","当てはまる","どちらでもない","どちらでもない","どちらでもない","どちらでもない","どちらでもない","仕事とプライベートを両立しやすい環境で仕事をしたい","半年以上1年未満くらい","女性","20～29歳","1年以上～3年未満","プレイヤー（内勤系職種）","契約社員（嘱託社員やパート・アルバイトなどを含む）","中途","営業・販売部門（コンサルティングなどの顧客接点部門はこちらに含む）","118.238.225.246","Mozilla/5.0 (Windows NT 6.3; Win64; x64) AppleWebKit/537.36 (KHTML, like Gecko) Chrome/83.0.4103.106 Safari/537.36"
"","2020/06/18 11:23:47","セグメントなし","","6;やりたいことはできるかもしれないが、業界としての労働時間・賃金に不満があると合わない可能性がある。","当てはまる","やや当てはまる","あまり当てはまらない","やや当てはまる","やや当てはまる","あまり当てはまらない","どちらでもない","どちらでもない","当てはまる","当てはまる","やや当てはまる","あまり当てはまらない","あまり当てはまらない","どちらでもない","当てはまらない","当てはまる","あまり当てはまらない","あまり当てはまらない","やや当てはまる","あまり当てはまらない","あまり当てはまらない","やや当てはまる","あまり当てはまらない","どちらでもない","あまり当てはまらない","あまり当てはまらない","どちらでもない","特定分野の専門家・エキスパートとして仕事をしたい","5年以上10年未満くらい","男性","20～29歳","3年以上～5年未満","プレイヤー（外勤系職種）","正社員","新卒","技術・研究開発部門","106.128.21.98","Mozilla/5.0 (iPhone; CPU iPhone OS 13_5_1 like Mac OS X) AppleWebKit/605.1.15 (KHTML, like Gecko) Version/13.1.1 Mobile/15E148 Safari/604.1"
"","2020/06/18 10:16:37","セグメントなし","","8;社内環境、人間関係が良好である点","やや当てはまる","やや当てはまる","どちらでもない","やや当てはまる","やや当てはまる","どちらでもない","やや当てはまる","やや当てはまる","やや当てはまる","やや当てはまる","どちらでもない","どちらでもない","当てはまる","当てはまる","当てはまる","どちらでもない","どちらでもない","当てはまる","どちらでもない","やや当てはまる","やや当てはまる","どちらでもない","どちらでもない","どちらでもない","当てはまる","どちらでもない","当てはまる","仕事とプライベートを両立しやすい環境で仕事をしたい","10年以上","女性","40～49歳","1年以上～3年未満","プレイヤー（内勤系職種）","正社員","中途","企画部門","118.238.225.246","Mozilla/5.0 (Windows NT 10.0; Win64; x64) AppleWebKit/537.36 (KHTML, like Gecko) Chrome/83.0.4103.106 Safari/537.36"
"","2020/06/18 09:48:58","セグメントなし","","8;子供のいる主婦には休みが取りやすいし、環境が最適である。","やや当てはまる","当てはまる","当てはまる","あまり当てはまらない","当てはまる","やや当てはまる","やや当てはまる","どちらでもない","当てはまる","当てはまる","どちらでもない","どちらでもない","やや当てはまる","やや当てはまる","当てはまる","当てはまる","やや当てはまる","やや当てはまる","当てはまる","やや当てはまる","やや当てはまる","当てはまる","当てはまる","やや当てはまる","やや当てはまる","当てはまる","やや当てはまる","仕事とプライベートを両立しやすい環境で仕事をしたい","1年以上3年未満くらい","女性","40～49歳","半年以上～1年未満","プレイヤー（内勤系職種）","その他","中途","企画部門","118.238.225.246","Mozilla/5.0 (Windows NT 10.0; Win64; x64) AppleWebKit/537.36 (KHTML, like Gecko) Chrome/83.0.4103.97 Safari/537.36"
"","2020/06/18 09:45:25","セグメントなし","","8;職場環境、労働条件が良く、丁寧な指導も受けられるので。","当てはまる","当てはまる","当てはまる","当てはまる","当てはまる","やや当てはまる","どちらでもない","やや当てはまる","当てはまる","やや当てはまる","どちらでもない","やや当てはまる","どちらでもない","どちらでもない","やや当てはまる","どちらでもない","やや当てはまる","やや当てはまる","どちらでもない","やや当てはまる","やや当てはまる","当てはまる","当てはまる","当てはまる","当てはまる","当てはまる","当てはまる","自分の決めたやり方やペースを守れる環境で仕事をしたい","5年以上10年未満くらい","女性","30～39歳","半年以上～1年未満","プレイヤー（内勤系職種）","その他","中途","企画部門","118.238.225.246","Mozilla/5.0 (Windows NT 10.0; Win64; x64) AppleWebKit/537.36 (KHTML, like Gecko) Chrome/83.0.4103.106 Safari/537.36"
"","2020/06/18 08:34:23","セグメントなし","","7;職種としては、有望であるが、給与等に対して満足が得られるかが疑問。","やや当てはまる","やや当てはまる","やや当てはまる","どちらでもない","どちらでもない","どちらでもない","どちらでもない","どちらでもない","やや当てはまる","やや当てはまる","当てはまる","どちらでもない","やや当てはまる","やや当てはまる","やや当てはまる","やや当てはまる","どちらでもない","どちらでもない","どちらでもない","やや当てはまる","どちらでもない","やや当てはまる","どちらでもない","やや当てはまる","どちらでもない","やや当てはまる","やや当てはまる","特定分野の専門家・エキスパートとして仕事をしたい","3年以上5年未満くらい","男性","60歳以上","20年以上～","その他","契約社員（嘱託社員やパート・アルバイトなどを含む）","新卒","営業・販売部門（コンサルティングなどの顧客接点部門はこちらに含む）","118.238.225.246","Mozilla/5.0 (Windows NT 10.0; Win64; x64) AppleWebKit/537.36 (KHTML, like Gecko) Chrome/70.0.3538.102 Safari/537.36 Edge/18.18362"
"","2020/06/17 16:14:54","セグメントなし","","5","やや当てはまる","あまり当てはまらない","あまり当てはまらない","どちらでもない","当てはまる","やや当てはまる","あまり当てはまらない","あまり当てはまらない","当てはまる","当てはまる","どちらでもない","やや当てはまる","やや当てはまる","やや当てはまる","やや当てはまる","やや当てはまる","やや当てはまる","やや当てはまる","やや当てはまる","やや当てはまる","あまり当てはまらない","あまり当てはまらない","あまり当てはまらない","当てはまる","やや当てはまる","あまり当てはまらない","あまり当てはまらない","仕事とプライベートを両立しやすい環境で仕事をしたい","5年以上10年未満くらい","男性","20～29歳","1年以上～3年未満","プレイヤー（外勤系職種）","正社員","新卒","生産・製造部門","118.238.225.246","Mozilla/5.0 (Windows NT 10.0; Win64; x64) AppleWebKit/537.36 (KHTML, like Gecko) Chrome/70.0.3538.102 Safari/537.36 Edge/18.18362"
"","2020/06/17 16:08:02","セグメントなし","","7","やや当てはまる","当てはまる","やや当てはまる","どちらでもない","やや当てはまる","どちらでもない","やや当てはまる","やや当てはまる","どちらでもない","やや当てはまる","やや当てはまる","やや当てはまる","どちらでもない","当てはまる","やや当てはまる","やや当てはまる","やや当てはまる","どちらでもない","どちらでもない","どちらでもない","やや当てはまる","当てはまる","やや当てはまる","どちらでもない","どちらでもない","どちらでもない","やや当てはまる","先々を見通せる安定した環境で仕事をしたい","10年以上","女性","40～49歳","3年以上～5年未満","プレイヤー（内勤系職種）","その他","中途","人事部門","118.238.225.246","Mozilla/5.0 (Windows NT 10.0; Win64; x64) AppleWebKit/537.36 (KHTML, like Gecko) Chrome/83.0.4103.106 Safari/537.36"
"","2020/06/17 14:59:25","セグメントなし","","5","やや当てはまる","当てはまる","やや当てはまる","当てはまらない","やや当てはまる","どちらでもない","どちらでもない","やや当てはまる","やや当てはまる","当てはまる","どちらでもない","どちらでもない","どちらでもない","やや当てはまる","やや当てはまる","当てはまる","やや当てはまる","やや当てはまる","やや当てはまる","どちらでもない","やや当てはまる","当てはまる","やや当てはまる","どちらでもない","当てはまる","当てはまる","やや当てはまる","仕事とプライベートを両立しやすい環境で仕事をしたい","10年以上","女性","40～49歳","3年以上～5年未満","プレイヤー（内勤系職種）","契約社員（嘱託社員やパート・アルバイトなどを含む）","中途","その他部門","118.238.225.246","Mozilla/5.0 (Windows NT 6.3; Win64; x64) AppleWebKit/537.36 (KHTML, like Gecko) Chrome/83.0.4103.106 Safari/537.36"
"","2020/06/17 13:34:12","セグメントなし","","6;意義ある業務を取り組んでいる事や、自分次第で変えることができるため。","当てはまる","当てはまる","当てはまる","やや当てはまる","当てはまる","当てはまる","当てはまる","やや当てはまる","当てはまる","当てはまる","やや当てはまる","当てはまる","やや当てはまる","当てはまる","当てはまる","当てはまる","当てはまる","当てはまる","当てはまる","当てはまる","当てはまる","やや当てはまる","やや当てはまる","当てはまる","当てはまる","当てはまる","どちらでもない","特定分野の専門家・エキスパートとして仕事をしたい","5年以上10年未満くらい","男性","30～39歳","5年以上～10年未満","プレイヤー（外勤系職種）","正社員","中途","企画部門","118.238.225.246","Mozilla/5.0 (Windows NT 10.0; ) AppleWebKit/537.36 (KHTML, like Gecko) Chrome/83.0.4103.97 Safari/537.36"
"","2020/06/17 13:24:41","セグメントなし","","5;職場の人間関係はとても良い。　自分も内業作業は楽しい。
内業作業は好きな人と苦手な人があるかもしれないから、個人的には薦めるが、真ん中の5とした。","当てはまらない","当てはまらない","当てはまらない","当てはまらない","やや当てはまる","やや当てはまる","当てはまる","当てはまる","当てはまる","当てはまる","やや当てはまる","どちらでもない","どちらでもない","当てはまる","当てはまる","当てはまる","当てはまる","当てはまる","当てはまる","やや当てはまる","当てはまる","当てはまる","当てはまる","当てはまる","当てはまる","当てはまる","当てはまる","仕事とプライベートを両立しやすい環境で仕事をしたい","3年以上5年未満くらい","女性","40～49歳","3年以上～5年未満","プレイヤー（内勤系職種）","その他","中途","企画部門","118.238.225.246","Mozilla/5.0 (Windows NT 10.0; ) AppleWebKit/537.36 (KHTML, like Gecko) Chrome/83.0.4103.97 Safari/537.36"
"","2020/06/17 13:16:22","セグメントなし","","6;取り組んでいる業務内容が、分かりやすく、過酷な勤怠では無い為。
自分次第で展開の有無がある為。","どちらでもない","やや当てはまる","やや当てはまる","どちらでもない","当てはまる","当てはまる","当てはまる","当てはまる","当てはまる","当てはまる","やや当てはまる","当てはまる","やや当てはまる","当てはまる","当てはまる","当てはまる","当てはまる","当てはまる","当てはまる","当てはまる","当てはまる","やや当てはまる","やや当てはまる","当てはまる","当てはまる","当てはまる","当てはまる","特定分野の専門家・エキスパートとして仕事をしたい","10年以上","男性","30～39歳","5年以上～10年未満","プレイヤー（外勤系職種）","正社員","中途","リサーチ部門","118.238.225.246","Mozilla/5.0 (Windows NT 10.0; ) AppleWebKit/537.36 (KHTML, like Gecko) Chrome/83.0.4103.97 Safari/537.36"
"","2020/06/17 12:48:58","セグメントなし","","5","どちらでもない","やや当てはまる","やや当てはまる","あまり当てはまらない","どちらでもない","あまり当てはまらない","どちらでもない","どちらでもない","やや当てはまる","どちらでもない","あまり当てはまらない","あまり当てはまらない","やや当てはまる","当てはまる","どちらでもない","どちらでもない","どちらでもない","どちらでもない","やや当てはまる","どちらでもない","やや当てはまる","当てはまる","どちらでもない","どちらでもない","どちらでもない","やや当てはまる","当てはまる","仕事とプライベートを両立しやすい環境で仕事をしたい","10年以上","女性","40～49歳","1年以上～3年未満","プレイヤー（内勤系職種）","正社員","中途","総務部門","118.238.225.246","Mozilla/5.0 (Windows NT 10.0; WOW64; Trident/7.0; rv:11.0) like Gecko"
"","2020/06/17 12:35:34","セグメントなし","","8","やや当てはまる","当てはまる","どちらでもない","どちらでもない","当てはまる","どちらでもない","やや当てはまる","当てはまる","やや当てはまる","やや当てはまる","どちらでもない","やや当てはまる","やや当てはまる","やや当てはまる","やや当てはまる","やや当てはまる","やや当てはまる","やや当てはまる","やや当てはまる","やや当てはまる","やや当てはまる","当てはまる","当てはまる","やや当てはまる","当てはまる","当てはまる","当てはまる","仕事とプライベートを両立しやすい環境で仕事をしたい","10年以上","女性","40～49歳","1年以上～3年未満","プレイヤー（内勤系職種）","その他","中途","企画部門","118.238.225.246","Mozilla/5.0 (Windows NT 10.0; Win64; x64) AppleWebKit/537.36 (KHTML, like Gecko) Chrome/70.0.3538.102 Safari/537.36 Edge/18.18362"
"","2020/06/17 10:52:03","セグメントなし","","5","あまり当てはまらない","やや当てはまる","やや当てはまる","やや当てはまる","あまり当てはまらない","あまり当てはまらない","あまり当てはまらない","あまり当てはまらない","あまり当てはまらない","あまり当てはまらない","あまり当てはまらない","あまり当てはまらない","あまり当てはまらない","やや当てはまる","あまり当てはまらない","あまり当てはまらない","やや当てはまる","あまり当てはまらない","あまり当てはまらない","あまり当てはまらない","あまり当てはまらない","当てはまる","やや当てはまる","あまり当てはまらない","やや当てはまる","やや当てはまる","あまり当てはまらない","仕事とプライベートを両立しやすい環境で仕事をしたい","3年以上5年未満くらい","男性","30～39歳","10年以上～20年未満","プレイヤー（内勤系職種）","その他","中途","人事部門","118.238.225.246","Mozilla/5.0 (Windows NT 10.0; Win64; x64) AppleWebKit/537.36 (KHTML, like Gecko) Chrome/83.0.4103.97 Safari/537.36"
"","2020/06/17 10:48:28","セグメントなし","","2;仕事のやる気がない人にはすすめる","やや当てはまる","やや当てはまる","やや当てはまる","どちらでもない","あまり当てはまらない","当てはまらない","当てはまらない","当てはまらない","あまり当てはまらない","当てはまらない","当てはまらない","当てはまらない","当てはまらない","どちらでもない","当てはまらない","当てはまらない","どちらでもない","当てはまらない","当てはまらない","当てはまらない","当てはまらない","当てはまる","どちらでもない","当てはまらない","どちらでもない","当てはまる","当てはまらない","仕事とプライベートを両立しやすい環境で仕事をしたい","1年以上3年未満くらい","女性","30～39歳","3年以上～5年未満","プレイヤー（内勤系職種）","その他","中途","人事部門","118.238.225.246","Mozilla/5.0 (Windows NT 10.0; Win64; x64) AppleWebKit/537.36 (KHTML, like Gecko) Chrome/83.0.4103.97 Safari/537.36"
"","2020/06/17 10:29:40","セグメントなし","","6","当てはまる","当てはまる","やや当てはまる","やや当てはまる","当てはまる","当てはまる","当てはまる","当てはまる","当てはまる","当てはまる","当てはまる","やや当てはまる","やや当てはまる","当てはまる","当てはまる","当てはまる","やや当てはまる","やや当てはまる","やや当てはまる","やや当てはまる","当てはまる","当てはまる","やや当てはまる","どちらでもない","どちらでもない","当てはまる","当てはまる","社会への貢献を実感できる環境で仕事をしたい","10年以上","女性","50～59歳","3年以上～5年未満","プレイヤー（外勤系職種）","正社員","中途","その他部門","111.239.179.55","Mozilla/5.0 (Windows NT 10.0; Win64; x64) AppleWebKit/537.36 (KHTML, like Gecko) Chrome/70.0.3538.102 Safari/537.36 Edge/18.18362"
"","2020/06/17 09:57:10","セグメントなし","","8","やや当てはまる","やや当てはまる","やや当てはまる","どちらでもない","やや当てはまる","どちらでもない","どちらでもない","どちらでもない","やや当てはまる","やや当てはまる","やや当てはまる","やや当てはまる","やや当てはまる","当てはまる","やや当てはまる","やや当てはまる","やや当てはまる","やや当てはまる","やや当てはまる","やや当てはまる","あまり当てはまらない","当てはまる","あまり当てはまらない","やや当てはまる","やや当てはまる","どちらでもない","やや当てはまる","仕事とプライベートを両立しやすい環境で仕事をしたい","3年以上5年未満くらい","女性","60歳以上","10年以上～20年未満","プレイヤー（内勤系職種）","その他","中途","営業・販売部門（コンサルティングなどの顧客接点部門はこちらに含む）","118.238.225.246","Mozilla/5.0 (Windows NT 6.3; Win64; x64) AppleWebKit/537.36 (KHTML, like Gecko) Chrome/83.0.4103.97 Safari/537.36"
"","2020/06/17 09:38:39","セグメントなし","","7;パートタイムで働く場合、勤務日や時間帯について柔軟に対応してもらえる点がよい。
勤続年数が長くなり作業能力が上がっても時給が全く上がらない点には不満あり。","やや当てはまる","当てはまる","当てはまる","当てはまらない","どちらでもない","当てはまらない","当てはまらない","あまり当てはまらない","当てはまる","やや当てはまる","どちらでもない","やや当てはまる","やや当てはまる","当てはまる","どちらでもない","当てはまる","当てはまる","やや当てはまる","どちらでもない","あまり当てはまらない","あまり当てはまらない","当てはまる","どちらでもない","当てはまる","当てはまる","どちらでもない","当てはまる","社会への貢献を実感できる環境で仕事をしたい","3年以上5年未満くらい","女性","40～49歳","5年以上～10年未満","プレイヤー（内勤系職種）","その他","中途","営業・販売部門（コンサルティングなどの顧客接点部門はこちらに含む）","118.238.225.246","Mozilla/5.0 (Windows NT 10.0; Win64; x64) AppleWebKit/537.36 (KHTML, like Gecko) Chrome/83.0.4103.97 Safari/537.36"
"","2020/06/17 09:12:47","セグメントなし","","5","やや当てはまる","当てはまる","やや当てはまる","どちらでもない","やや当てはまる","どちらでもない","どちらでもない","どちらでもない","やや当てはまる","やや当てはまる","どちらでもない","どちらでもない","どちらでもない","どちらでもない","やや当てはまる","どちらでもない","どちらでもない","やや当てはまる","やや当てはまる","どちらでもない","あまり当てはまらない","やや当てはまる","どちらでもない","どちらでもない","やや当てはまる","当てはまる","やや当てはまる","特定分野の専門家・エキスパートとして仕事をしたい","3年以上5年未満くらい","女性","40～49歳","10年以上～20年未満","プレイヤー（内勤系職種）","正社員","中途","技術・研究開発部門","118.238.225.246","Mozilla/5.0 (Windows NT 10.0; Win64; x64; rv:77.0) Gecko/20100101 Firefox/77.0"
"","2020/06/17 09:02:30","セグメントなし","","4","どちらでもない","あまり当てはまらない","あまり当てはまらない","どちらでもない","やや当てはまる","あまり当てはまらない","どちらでもない","どちらでもない","やや当てはまる","どちらでもない","どちらでもない","やや当てはまる","どちらでもない","やや当てはまる","やや当てはまる","どちらでもない","どちらでもない","どちらでもない","あまり当てはまらない","あまり当てはまらない","あまり当てはまらない","やや当てはまる","どちらでもない","どちらでもない","どちらでもない","どちらでもない","やや当てはまる","仕事とプライベートを両立しやすい環境で仕事をしたい","1年以上3年未満くらい","男性","20～29歳","3年以上～5年未満","プレイヤー（外勤系職種）","正社員","新卒","営業・販売部門（コンサルティングなどの顧客接点部門はこちらに含む）","118.238.225.246","Mozilla/5.0 (Windows NT 10.0; Win64; x64) AppleWebKit/537.36 (KHTML, like Gecko) Chrome/83.0.4103.97 Safari/537.36"
"","2020/06/17 08:57:43","セグメントなし","","2;給与が安い。昇給しにくい。","あまり当てはまらない","やや当てはまる","やや当てはまる","どちらでもない","あまり当てはまらない","あまり当てはまらない","当てはまらない","当てはまらない","どちらでもない","どちらでもない","どちらでもない","あまり当てはまらない","あまり当てはまらない","どちらでもない","どちらでもない","あまり当てはまらない","あまり当てはまらない","あまり当てはまらない","あまり当てはまらない","どちらでもない","当てはまらない","どちらでもない","当てはまらない","どちらでもない","やや当てはまる","どちらでもない","当てはまらない","先々を見通せる安定した環境で仕事をしたい","10年以上","男性","50～59歳","20年以上～","課長（複数のチームのマネジメント）","正社員","新卒","生産・製造部門","118.238.225.246","Mozilla/5.0 (Windows NT 10.0; Win64; x64) AppleWebKit/537.36 (KHTML, like Gecko) Chrome/83.0.4103.97 Safari/537.36"
"","2020/06/17 08:39:55","セグメントなし","","7","当てはまる","やや当てはまる","やや当てはまる","あまり当てはまらない","やや当てはまる","当てはまる","どちらでもない","当てはまる","当てはまる","当てはまる","どちらでもない","やや当てはまる","やや当てはまる","やや当てはまる","当てはまる","当てはまる","当てはまる","どちらでもない","やや当てはまる","当てはまる","やや当てはまる","やや当てはまる","やや当てはまる","どちらでもない","どちらでもない","どちらでもない","当てはまる","特定分野の専門家・エキスパートとして仕事をしたい","10年以上","男性","20～29歳","半年未満","プレイヤー（外勤系職種）","正社員","新卒","生産・製造部門","118.238.225.246","Mozilla/5.0 (Windows NT 10.0; Win64; x64) AppleWebKit/537.36 (KHTML, like Gecko) Chrome/83.0.4103.106 Safari/537.36"
"","2020/06/16 21:26:59","セグメントなし","","3;忙しくて、相談できる相手が少ない","やや当てはまる","あまり当てはまらない","当てはまらない","当てはまる","当てはまらない","当てはまらない","当てはまらない","あまり当てはまらない","やや当てはまる","やや当てはまる","やや当てはまる","どちらでもない","どちらでもない","当てはまる","やや当てはまる","当てはまる","あまり当てはまらない","どちらでもない","あまり当てはまらない","どちらでもない","当てはまらない","当てはまらない","どちらでもない","どちらでもない","やや当てはまる","やや当てはまる","当てはまる","特定分野の専門家・エキスパートとして仕事をしたい","1年以上3年未満くらい","男性","30～39歳","10年以上～20年未満","プレイヤー（外勤系職種）","正社員","新卒","技術・研究開発部門","126.246.162.93","Mozilla/5.0 (Windows NT 10.0; Win64; x64) AppleWebKit/537.36 (KHTML, like Gecko) Chrome/83.0.4103.97 Safari/537.36"
"","2020/06/16 20:59:26","セグメントなし","","5","やや当てはまる","やや当てはまる","やや当てはまる","やや当てはまる","やや当てはまる","やや当てはまる","やや当てはまる","やや当てはまる","当てはまる","当てはまる","あまり当てはまらない","どちらでもない","あまり当てはまらない","やや当てはまる","やや当てはまる","やや当てはまる","やや当てはまる","どちらでもない","どちらでもない","どちらでもない","やや当てはまる","やや当てはまる","あまり当てはまらない","やや当てはまる","やや当てはまる","やや当てはまる","やや当てはまる","社会への貢献を実感できる環境で仕事をしたい","3年以上5年未満くらい","男性","20～29歳","5年以上～10年未満","プレイヤー（外勤系職種）","正社員","新卒","技術・研究開発部門","116.70.253.12","Mozilla/5.0 (Windows NT 10.0; Win64; x64) AppleWebKit/537.36 (KHTML, like Gecko) Chrome/70.0.3538.102 Safari/537.36 Edge/18.18362"
"","2020/06/16 19:04:33","セグメントなし","","3","やや当てはまる","あまり当てはまらない","どちらでもない","やや当てはまる","やや当てはまる","やや当てはまる","どちらでもない","どちらでもない","どちらでもない","やや当てはまる","どちらでもない","どちらでもない","あまり当てはまらない","当てはまる","どちらでもない","どちらでもない","あまり当てはまらない","やや当てはまる","やや当てはまる","どちらでもない","あまり当てはまらない","どちらでもない","あまり当てはまらない","あまり当てはまらない","当てはまる","どちらでもない","やや当てはまる","先々を見通せる安定した環境で仕事をしたい","5年以上10年未満くらい","男性","50～59歳","20年以上～","プレイヤー（外勤系職種）","正社員","新卒","技術・研究開発部門","118.238.225.246","Mozilla/5.0 (Windows NT 10.0; Win64; x64) AppleWebKit/537.36 (KHTML, like Gecko) Chrome/83.0.4103.97 Safari/537.36"
"","2020/06/16 18:56:39","セグメントなし","","6;勧める方の状況により判断をするため、どちらともいえないと判断した。","やや当てはまる","やや当てはまる","どちらでもない","やや当てはまる","やや当てはまる","やや当てはまる","どちらでもない","あまり当てはまらない","どちらでもない","やや当てはまる","どちらでもない","やや当てはまる","どちらでもない","やや当てはまる","あまり当てはまらない","やや当てはまる","どちらでもない","やや当てはまる","どちらでもない","やや当てはまる","あまり当てはまらない","どちらでもない","どちらでもない","どちらでもない","どちらでもない","あまり当てはまらない","やや当てはまる","常に何か新しい仕事に取り組める環境で仕事をしたい","3年以上5年未満くらい","男性","40～49歳","20年以上～","課長（複数のチームのマネジメント）","正社員","新卒","営業・販売部門（コンサルティングなどの顧客接点部門はこちらに含む）","118.238.225.246","Mozilla/5.0 (Windows NT 10.0; Win64; x64) AppleWebKit/537.36 (KHTML, like Gecko) Chrome/70.0.3538.102 Safari/537.36 Edge/18.18362"
"","2020/06/16 18:55:09","セグメントなし","","7;やりたいこと（理想）ができるとともに、実際にやること（現実）とのギャップも大きい。
そのため、理想と現実のギャップを自身がどう感じるかによって、おすすめできる人が限定されていくので、7とした。","やや当てはまる","どちらでもない","やや当てはまる","どちらでもない","当てはまる","やや当てはまる","やや当てはまる","やや当てはまる","当てはまる","当てはまる","やや当てはまる","どちらでもない","やや当てはまる","当てはまる","やや当てはまる","やや当てはまる","当てはまる","やや当てはまる","やや当てはまる","やや当てはまる","やや当てはまる","やや当てはまる","やや当てはまる","どちらでもない","当てはまる","やや当てはまる","当てはまる","特定分野の専門家・エキスパートとして仕事をしたい","10年以上","男性","20～29歳","1年以上～3年未満","プレイヤー（外勤系職種）","正社員","新卒","生産・製造部門","118.238.225.246","Mozilla/5.0 (Windows NT 10.0; Win64; x64) AppleWebKit/537.36 (KHTML, like Gecko) Chrome/70.0.3538.102 Safari/537.36 Edge/18.18363"
"","2020/06/16 18:37:53","セグメントなし","","4;支店によって働きやすさが変わってくると思います。人間関係です。","やや当てはまる","どちらでもない","あまり当てはまらない","やや当てはまる","当てはまらない","あまり当てはまらない","あまり当てはまらない","あまり当てはまらない","どちらでもない","あまり当てはまらない","あまり当てはまらない","どちらでもない","どちらでもない","やや当てはまる","当てはまらない","あまり当てはまらない","あまり当てはまらない","あまり当てはまらない","あまり当てはまらない","当てはまらない","あまり当てはまらない","やや当てはまる","あまり当てはまらない","当てはまらない","やや当てはまる","やや当てはまる","どちらでもない","仕事とプライベートを両立しやすい環境で仕事をしたい","半年以上1年未満くらい","女性","20～29歳","5年以上～10年未満","プレイヤー（外勤系職種）","正社員","新卒","生産・製造部門","118.238.225.246","Mozilla/5.0 (Windows NT 10.0; Win64; x64) AppleWebKit/537.36 (KHTML, like Gecko) Chrome/70.0.3538.102 Safari/537.36 Edge/18.18362"
"","2020/06/16 18:00:31","セグメントなし","","3;他の会社の待遇を知らないという事もあるが、給料面と残業時間のバランスがあまりよくないと思っているから。","あまり当てはまらない","どちらでもない","あまり当てはまらない","どちらでもない","どちらでもない","あまり当てはまらない","当てはまらない","どちらでもない","あまり当てはまらない","どちらでもない","どちらでもない","あまり当てはまらない","あまり当てはまらない","どちらでもない","どちらでもない","やや当てはまる","どちらでもない","どちらでもない","あまり当てはまらない","あまり当てはまらない","あまり当てはまらない","当てはまらない","あまり当てはまらない","当てはまらない","どちらでもない","どちらでもない","どちらでもない","自分の決めたやり方やペースを守れる環境で仕事をしたい","1年以上3年未満くらい","男性","30～39歳","10年以上～20年未満","プレイヤー（外勤系職種）","正社員","新卒","その他部門","118.238.225.246","Mozilla/5.0 (Windows NT 10.0; Win64; x64) AppleWebKit/537.36 (KHTML, like Gecko) Chrome/83.0.4103.97 Safari/537.36"
"","2020/06/16 17:37:49","セグメントなし","","3","あまり当てはまらない","やや当てはまる","あまり当てはまらない","あまり当てはまらない","やや当てはまる","どちらでもない","どちらでもない","どちらでもない","やや当てはまる","やや当てはまる","どちらでもない","当てはまらない","あまり当てはまらない","どちらでもない","どちらでもない","あまり当てはまらない","どちらでもない","あまり当てはまらない","やや当てはまる","やや当てはまる","やや当てはまる","当てはまる","どちらでもない","やや当てはまる","当てはまる","どちらでもない","どちらでもない","特定分野の専門家・エキスパートとして仕事をしたい","5年以上10年未満くらい","男性","20～29歳","5年以上～10年未満","プレイヤー（外勤系職種）","正社員","新卒","リサーチ部門","118.238.225.246","Mozilla/5.0 (Windows NT 10.0; Win64; x64) AppleWebKit/537.36 (KHTML, like Gecko) Chrome/70.0.3538.102 Safari/537.36 Edge/18.18363"
"","2020/06/16 17:22:39","セグメントなし","","5;会社としてはまだまだ成長段階なので、その知人が転職に関してこだわるポイントがマッチングすれば、すすめるかも。","やや当てはまる","やや当てはまる","あまり当てはまらない","やや当てはまる","どちらでもない","あまり当てはまらない","やや当てはまる","やや当てはまる","やや当てはまる","どちらでもない","どちらでもない","やや当てはまる","どちらでもない","あまり当てはまらない","どちらでもない","やや当てはまる","どちらでもない","あまり当てはまらない","どちらでもない","やや当てはまる","やや当てはまる","やや当てはまる","どちらでもない","どちらでもない","どちらでもない","あまり当てはまらない","どちらでもない","常に何か新しい仕事に取り組める環境で仕事をしたい","5年以上10年未満くらい","女性","50～59歳","10年以上～20年未満","部長（複数の課のマネジメント）","正社員","中途","総務部門","118.238.225.246","Mozilla/5.0 (Windows NT 10.0; Win64; x64) AppleWebKit/537.36 (KHTML, like Gecko) Chrome/83.0.4103.97 Safari/537.36"
"","2020/06/16 17:19:16","セグメントなし","","3;給料が安い（昇給率が悪い）
営業だけ、現場だけという区分けがないことは魅力的だと思う（色々な対応ができるから）","やや当てはまる","あまり当てはまらない","あまり当てはまらない","やや当てはまる","当てはまる","当てはまる","やや当てはまる","やや当てはまる","どちらでもない","当てはまる","やや当てはまる","やや当てはまる","あまり当てはまらない","やや当てはまる","当てはまらない","当てはまる","当てはまる","当てはまらない","やや当てはまる","あまり当てはまらない","あまり当てはまらない","やや当てはまる","当てはまらない","あまり当てはまらない","当てはまる","どちらでもない","どちらでもない","常に何か新しい仕事に取り組める環境で仕事をしたい","5年以上10年未満くらい","女性","30～39歳","10年以上～20年未満","プレイヤー（外勤系職種）","正社員","中途","総務部門","118.238.225.246","Mozilla/5.0 (Windows NT 10.0; Win64; x64) AppleWebKit/537.36 (KHTML, like Gecko) Chrome/83.0.4103.97 Safari/537.36"
"","2020/06/16 17:09:38","セグメントなし","","7;転職を検討している友人・知人であれば、当社が合うかどうかある程度判断できるため（合わない人には紹介しない）。","当てはまらない","どちらでもない","どちらでもない","当てはまらない","あまり当てはまらない","当てはまる","あまり当てはまらない","あまり当てはまらない","やや当てはまる","あまり当てはまらない","どちらでもない","どちらでもない","やや当てはまる","やや当てはまる","あまり当てはまらない","あまり当てはまらない","やや当てはまる","あまり当てはまらない","どちらでもない","やや当てはまる","どちらでもない","当てはまる","やや当てはまる","あまり当てはまらない","当てはまる","どちらでもない","やや当てはまる","仕事とプライベートを両立しやすい環境で仕事をしたい","1年以上3年未満くらい","女性","40～49歳","20年以上～","主任／リーダー（内勤系職種）","正社員","新卒","人事部門","118.238.225.246","Mozilla/5.0 (Windows NT 10.0; Win64; x64) AppleWebKit/537.36 (KHTML, like Gecko) Chrome/70.0.3538.102 Safari/537.36 Edge/18.18362"
"","2020/06/16 17:09:24","セグメントなし","","5;人によって好みが分かれるのではと思ったので。","やや当てはまる","やや当てはまる","やや当てはまる","どちらでもない","やや当てはまる","どちらでもない","どちらでもない","どちらでもない","やや当てはまる","やや当てはまる","どちらでもない","やや当てはまる","やや当てはまる","どちらでもない","どちらでもない","やや当てはまる","どちらでもない","どちらでもない","やや当てはまる","やや当てはまる","やや当てはまる","やや当てはまる","どちらでもない","どちらでもない","どちらでもない","どちらでもない","どちらでもない","仕事とプライベートを両立しやすい環境で仕事をしたい","10年以上","女性","40～49歳","5年以上～10年未満","プレイヤー（内勤系職種）","正社員","中途","総務部門","118.238.225.246","Mozilla/5.0 (Windows NT 10.0; Win64; x64) AppleWebKit/537.36 (KHTML, like Gecko) Chrome/83.0.4103.106 Safari/537.36"
"","2020/06/16 16:58:04","セグメントなし","","5;自分自身が現在の職場をよく思っていないわけでないが、それでも友人、知人に社員として働くことを勧めるのは様々な観点から、それほど高い点はつけられない。パートとしてならば、紹介等を行う気はあります。","やや当てはまる","あまり当てはまらない","当てはまらない","やや当てはまる","当てはまる","当てはまる","やや当てはまる","どちらでもない","あまり当てはまらない","やや当てはまる","どちらでもない","やや当てはまる","やや当てはまる","やや当てはまる","どちらでもない","どちらでもない","どちらでもない","あまり当てはまらない","当てはまらない","やや当てはまる","あまり当てはまらない","どちらでもない","どちらでもない","あまり当てはまらない","やや当てはまる","当てはまらない","やや当てはまる","自分の決めたやり方やペースを守れる環境で仕事をしたい","10年以上","男性","40～49歳","10年以上～20年未満","課長（複数のチームのマネジメント）","正社員","新卒","生産・製造部門","118.238.225.246","Mozilla/5.0 (Windows NT 6.3; Win64; x64) AppleWebKit/537.36 (KHTML, like Gecko) Chrome/83.0.4103.106 Safari/537.36"
"","2020/06/16 16:14:19","セグメントなし","","0;私自身が知り合いと同じ職場になりたくないから","あまり当てはまらない","やや当てはまる","あまり当てはまらない","当てはまらない","あまり当てはまらない","あまり当てはまらない","当てはまらない","当てはまらない","やや当てはまる","当てはまらない","やや当てはまる","あまり当てはまらない","あまり当てはまらない","やや当てはまる","当てはまらない","やや当てはまる","当てはまらない","当てはまらない","どちらでもない","あまり当てはまらない","やや当てはまる","当てはまる","あまり当てはまらない","当てはまらない","やや当てはまる","やや当てはまる","やや当てはまる","難しい仕事にチャレンジできる環境で仕事をしたい","1年以上3年未満くらい","女性","30～39歳","5年以上～10年未満","プレイヤー（外勤系職種）","正社員","新卒","営業・販売部門（コンサルティングなどの顧客接点部門はこちらに含む）","118.238.225.246","Mozilla/5.0 (Windows NT 10.0; Win64; x64) AppleWebKit/537.36 (KHTML, like Gecko) Chrome/83.0.4103.106 Safari/537.36"
"","2020/06/16 16:09:38","セグメントなし","","5","どちらでもない","どちらでもない","どちらでもない","どちらでもない","どちらでもない","どちらでもない","どちらでもない","どちらでもない","やや当てはまる","どちらでもない","どちらでもない","どちらでもない","どちらでもない","やや当てはまる","どちらでもない","どちらでもない","どちらでもない","どちらでもない","どちらでもない","どちらでもない","どちらでもない","やや当てはまる","やや当てはまる","あまり当てはまらない","あまり当てはまらない","どちらでもない","やや当てはまる","仕事とプライベートを両立しやすい環境で仕事をしたい","3年以上5年未満くらい","女性","50～59歳","10年以上～20年未満","プレイヤー（内勤系職種）","契約社員（嘱託社員やパート・アルバイトなどを含む）","中途","その他部門","118.238.225.246","Mozilla/5.0 (Windows NT 10.0; Win64; x64) AppleWebKit/537.36 (KHTML, like Gecko) Chrome/70.0.3538.102 Safari/537.36 Edge/18.18363"
"","2020/06/16 15:59:14","セグメントなし","","5;現在の職場では、向き不向きの差が大きく思うので、どちらともいえない""5""を選んだ。","やや当てはまる","どちらでもない","やや当てはまる","やや当てはまる","当てはまる","当てはまらない","やや当てはまる","当てはまる","どちらでもない","当てはまる","やや当てはまる","どちらでもない","やや当てはまる","やや当てはまる","あまり当てはまらない","やや当てはまる","当てはまる","やや当てはまる","当てはまる","どちらでもない","あまり当てはまらない","あまり当てはまらない","当てはまらない","当てはまらない","当てはまる","当てはまらない","どちらでもない","社会への貢献を実感できる環境で仕事をしたい","10年以上","男性","20～29歳","1年以上～3年未満","プレイヤー（外勤系職種）","正社員","新卒","営業・販売部門（コンサルティングなどの顧客接点部門はこちらに含む）","118.238.225.246","Mozilla/5.0 (Windows NT 10.0; Win64; x64) AppleWebKit/537.36 (KHTML, like Gecko) Chrome/70.0.3538.102 Safari/537.36 Edge/18.18363"
"","2020/06/16 15:45:58","セグメントなし","","3;会社が土木系なので合う合わないがある。
","どちらでもない","どちらでもない","どちらでもない","当てはまらない","どちらでもない","どちらでもない","どちらでもない","どちらでもない","どちらでもない","どちらでもない","どちらでもない","どちらでもない","どちらでもない","どちらでもない","どちらでもない","どちらでもない","どちらでもない","どちらでもない","どちらでもない","どちらでもない","どちらでもない","やや当てはまる","どちらでもない","あまり当てはまらない","あまり当てはまらない","どちらでもない","どちらでもない","仕事とプライベートを両立しやすい環境で仕事をしたい","3年以上5年未満くらい","女性","50～59歳","10年以上～20年未満","プレイヤー（内勤系職種）","その他","中途","マーケティング部門（広報も含む）","118.238.225.246","Mozilla/5.0 (Windows NT 10.0; Win64; x64) AppleWebKit/537.36 (KHTML, like Gecko) Chrome/83.0.4103.97 Safari/537.36"
"","2020/06/16 15:41:05","セグメントなし","","4;・会社の方針・ビジョン提示はあっても、社員一人ひとりのそれと併せて生産性を担保しようという雰囲気があまりない。
・上下のコミュニケーションにおけるタイムラグが頻繁に発生。結局、下の立場の人は待っている間にモチベーションが下がる。
・全体的に従来の組織・オペレーションへのこだわりが強すぎる。その結果、社会的変化への対応に遅れざるを得ない。
・人財育成の対象が若手・管理職に偏っている傾向がある。そのため、組織のマンネリ化から中々脱出できない。また、中途入社の枠を設けているにも関わらず、基本的な雰囲気は新卒採用の人をゼロから育ててゆくというスタンスが強すぎるので、現状だと管理者としての中途入社じゃなければおススメできない。
・採用時にもミクニヤカルチャーフィットの人財を好む傾向があるので、多様な価値観や信念の照衝突から相互作用を期待する人財確保は難しい。","当てはまる","どちらでもない","どちらでもない","当てはまらない","やや当てはまる","当てはまらない","当てはまらない","当てはまらない","やや当てはまる","やや当てはまる","当てはまる","やや当てはまる","どちらでもない","やや当てはまる","あまり当てはまらない","やや当てはまる","どちらでもない","あまり当てはまらない","当てはまる","どちらでもない","あまり当てはまらない","やや当てはまる","あまり当てはまらない","あまり当てはまらない","あまり当てはまらない","あまり当てはまらない","あまり当てはまらない","特定分野の専門家・エキスパートとして仕事をしたい","10年以上","女性","40～49歳","5年以上～10年未満","プレイヤー（外勤系職種）","契約社員（嘱託社員やパート・アルバイトなどを含む）","中途","リサーチ部門","182.168.152.162","Mozilla/5.0 (Windows NT 10.0; Win64; x64; rv:77.0) Gecko/20100101 Firefox/77.0"
"","2020/06/16 15:37:14","セグメントなし","","3;職場環境はいいと思うが、職に対しての知識、繁忙期の忙しさを考えると強く勧められない。","当てはまる","どちらでもない","どちらでもない","当てはまらない","やや当てはまる","当てはまる","当てはまる","当てはまる","当てはまる","当てはまる","当てはまる","どちらでもない","当てはまる","当てはまる","当てはまる","当てはまる","当てはまる","当てはまる","当てはまる","当てはまる","あまり当てはまらない","あまり当てはまらない","当てはまる","当てはまる","当てはまる","どちらでもない","当てはまる","仕事とプライベートを両立しやすい環境で仕事をしたい","10年以上","女性","20～29歳","5年以上～10年未満","プレイヤー（内勤系職種）","その他","中途","マーケティング部門（広報も含む）","118.238.225.246","Mozilla/5.0 (Windows NT 10.0; Win64; x64) AppleWebKit/537.36 (KHTML, like Gecko) Chrome/83.0.4103.97 Safari/537.36"
"","2020/06/16 15:27:40","セグメントなし","","4;やりがいはあるけど、好みがすごく分かれると思うので、おすすめというより、こういう業界もあるよと教えるぐらいだと思いました。","どちらでもない","どちらでもない","どちらでもない","どちらでもない","やや当てはまる","やや当てはまる","やや当てはまる","やや当てはまる","やや当てはまる","どちらでもない","やや当てはまる","やや当てはまる","どちらでもない","やや当てはまる","やや当てはまる","やや当てはまる","当てはまる","やや当てはまる","当てはまる","やや当てはまる","どちらでもない","どちらでもない","どちらでもない","どちらでもない","どちらでもない","どちらでもない","どちらでもない","自分の決めたやり方やペースを守れる環境で仕事をしたい","1年以上3年未満くらい","女性","30～39歳","10年以上～20年未満","プレイヤー（外勤系職種）","正社員","新卒","マーケティング部門（広報も含む）","118.238.225.246","Mozilla/5.0 (Windows NT 10.0; Win64; x64) AppleWebKit/537.36 (KHTML, like Gecko) Chrome/83.0.4103.106 Safari/537.36"
"","2020/06/16 15:14:03","セグメントなし","","5;個人的な考えで、友人・知人と同じ職場はいやであるため。違う業界の方が会う楽しみがある。","やや当てはまる","やや当てはまる","やや当てはまる","やや当てはまる","やや当てはまる","やや当てはまる","やや当てはまる","当てはまる","やや当てはまる","やや当てはまる","やや当てはまる","どちらでもない","やや当てはまる","当てはまる","やや当てはまる","やや当てはまる","どちらでもない","やや当てはまる","どちらでもない","どちらでもない","やや当てはまる","当てはまる","やや当てはまる","やや当てはまる","やや当てはまる","どちらでもない","やや当てはまる","自分の決めたやり方やペースを守れる環境で仕事をしたい","1年以上3年未満くらい","男性","50～59歳","20年以上～","部長（複数の課のマネジメント）","正社員","新卒","営業・販売部門（コンサルティングなどの顧客接点部門はこちらに含む）","118.238.225.246","Mozilla/5.0 (Windows NT 6.3; WOW64; Trident/7.0; rv:11.0) like Gecko"
"","2020/06/16 14:47:51","セグメントなし","","5","やや当てはまる","当てはまる","当てはまる","どちらでもない","どちらでもない","どちらでもない","どちらでもない","どちらでもない","やや当てはまる","やや当てはまる","どちらでもない","どちらでもない","あまり当てはまらない","どちらでもない","どちらでもない","どちらでもない","どちらでもない","どちらでもない","どちらでもない","どちらでもない","どちらでもない","当てはまる","どちらでもない","どちらでもない","やや当てはまる","どちらでもない","どちらでもない","仕事とプライベートを両立しやすい環境で仕事をしたい","5年以上10年未満くらい","女性","50～59歳","10年以上～20年未満","課長（複数のチームのマネジメント）","正社員","中途","営業・販売部門（コンサルティングなどの顧客接点部門はこちらに含む）","118.238.225.246","Mozilla/5.0 (Windows NT 6.3; Win64; x64; rv:77.0) Gecko/20100101 Firefox/77.0"
"","2020/06/16 14:26:01","セグメントなし","","10;良い人財に来ていただきたい","当てはまる","当てはまる","どちらでもない","当てはまる","当てはまる","当てはまる","当てはまる","当てはまる","当てはまる","当てはまる","当てはまる","当てはまる","当てはまる","当てはまる","やや当てはまる","当てはまる","どちらでもない","やや当てはまる","やや当てはまる","当てはまる","やや当てはまる","当てはまる","当てはまる","やや当てはまる","当てはまる","当てはまる","やや当てはまる","自分の決めたやり方やペースを守れる環境で仕事をしたい","10年以上","男性","40～49歳","20年以上～","取締役／役員","正社員","新卒","営業・販売部門（コンサルティングなどの顧客接点部門はこちらに含む）","118.238.225.246","Mozilla/5.0 (Windows NT 6.3; Win64; x64) AppleWebKit/537.36 (KHTML, like Gecko) Chrome/83.0.4103.97 Safari/537.36"
"","2020/06/16 13:52:18","セグメントなし","","5;現場が好きなら進めるが、それ以下は進められない。","やや当てはまる","どちらでもない","やや当てはまる","どちらでもない","当てはまらない","やや当てはまる","どちらでもない","どちらでもない","当てはまらない","当てはまらない","どちらでもない","あまり当てはまらない","あまり当てはまらない","やや当てはまる","やや当てはまる","どちらでもない","当てはまらない","あまり当てはまらない","どちらでもない","あまり当てはまらない","やや当てはまる","当てはまる","あまり当てはまらない","やや当てはまる","当てはまる","当てはまらない","やや当てはまる","常に何か新しい仕事に取り組める環境で仕事をしたい","5年以上10年未満くらい","男性","50～59歳","20年以上～","その他","正社員","中途","技術・研究開発部門","118.238.225.246","Mozilla/5.0 (Windows NT 10.0; Win64; x64) AppleWebKit/537.36 (KHTML, like Gecko) Chrome/83.0.4103.97 Safari/537.36"
"","2020/06/16 13:24:31","セグメントなし","","5;仮定される知人、友人によほど適性があれば話は別だが、そうでなければ知人、友人と同じ職場で働くのはやりにくい。","どちらでもない","やや当てはまる","やや当てはまる","やや当てはまる","どちらでもない","どちらでもない","やや当てはまる","やや当てはまる","当てはまる","どちらでもない","やや当てはまる","やや当てはまる","やや当てはまる","当てはまる","やや当てはまる","どちらでもない","やや当てはまる","どちらでもない","どちらでもない","やや当てはまる","やや当てはまる","やや当てはまる","どちらでもない","あまり当てはまらない","当てはまる","どちらでもない","どちらでもない","特定分野の専門家・エキスパートとして仕事をしたい","5年以上10年未満くらい","男性","40～49歳","20年以上～","部長（複数の課のマネジメント）","正社員","新卒","その他部門","118.238.225.246","Mozilla/5.0 (Windows NT 10.0; Win64; x64) AppleWebKit/537.36 (KHTML, like Gecko) Chrome/83.0.4103.97 Safari/537.36"
"","2020/06/16 13:19:47","セグメントなし","","7;転職を検討している対象者の能力に応じての判断になる．
ミクニヤの社風に対応できるものに限る．","やや当てはまる","どちらでもない","どちらでもない","やや当てはまる","当てはまる","やや当てはまる","やや当てはまる","やや当てはまる","当てはまる","当てはまる","当てはまる","やや当てはまる","当てはまる","当てはまる","やや当てはまる","やや当てはまる","当てはまる","やや当てはまる","当てはまる","当てはまる","あまり当てはまらない","どちらでもない","やや当てはまる","やや当てはまる","当てはまる","やや当てはまる","あまり当てはまらない","責任ある立場で組織を動かすような仕事をしたい","5年以上10年未満くらい","男性","40～49歳","3年以上～5年未満","取締役／役員","正社員","中途","経理部門","118.238.225.246","Mozilla/5.0 (Windows NT 10.0; Win64; x64) AppleWebKit/537.36 (KHTML, like Gecko) Chrome/70.0.3538.102 Safari/537.36 Edge/18.18363"
"","2020/06/16 13:17:51","セグメントなし","","4;同年代の仲間の中には、PC入力が主となると、できないと考え物が多い。","どちらでもない","どちらでもない","どちらでもない","あまり当てはまらない","やや当てはまる","あまり当てはまらない","どちらでもない","どちらでもない","どちらでもない","どちらでもない","どちらでもない","どちらでもない","どちらでもない","やや当てはまる","あまり当てはまらない","あまり当てはまらない","やや当てはまる","あまり当てはまらない","どちらでもない","あまり当てはまらない","どちらでもない","やや当てはまる","どちらでもない","どちらでもない","あまり当てはまらない","どちらでもない","あまり当てはまらない","社会への貢献を実感できる環境で仕事をしたい","3年以上5年未満くらい","女性","60歳以上","1年以上～3年未満","プレイヤー（内勤系職種）","契約社員（嘱託社員やパート・アルバイトなどを含む）","中途","営業・販売部門（コンサルティングなどの顧客接点部門はこちらに含む）","118.238.225.246","Mozilla/5.0 (Windows NT 10.0; Win64; x64) AppleWebKit/537.36 (KHTML, like Gecko) Chrome/83.0.4103.97 Safari/537.36"
"","2020/06/16 13:10:42","セグメントなし","","5","どちらでもない","どちらでもない","やや当てはまる","あまり当てはまらない","当てはまる","当てはまらない","当てはまらない","当てはまらない","どちらでもない","当てはまる","当てはまらない","当てはまらない","やや当てはまる","どちらでもない","どちらでもない","当てはまる","当てはまらない","やや当てはまる","どちらでもない","当てはまらない","当てはまらない","あまり当てはまらない","どちらでもない","やや当てはまる","やや当てはまる","どちらでもない","あまり当てはまらない","難しい仕事にチャレンジできる環境で仕事をしたい","半年以上1年未満くらい","女性","40～49歳","5年以上～10年未満","その他","契約社員（嘱託社員やパート・アルバイトなどを含む）","中途","その他部門","118.238.225.246","Mozilla/5.0 (Windows NT 10.0; WOW64; Trident/7.0; rv:11.0) like Gecko"
"","2020/06/16 13:06:53","セグメントなし","","5;フィフテイフィフテイです。","やや当てはまる","やや当てはまる","やや当てはまる","やや当てはまる","やや当てはまる","やや当てはまる","やや当てはまる","やや当てはまる","当てはまる","当てはまる","当てはまる","どちらでもない","どちらでもない","どちらでもない","やや当てはまる","どちらでもない","どちらでもない","やや当てはまる","やや当てはまる","どちらでもない","やや当てはまる","当てはまる","どちらでもない","当てはまる","当てはまる","やや当てはまる","やや当てはまる","仕事とプライベートを両立しやすい環境で仕事をしたい","5年以上10年未満くらい","女性","50～59歳","10年以上～20年未満","その他","契約社員（嘱託社員やパート・アルバイトなどを含む）","中途","その他部門","118.238.225.246","Mozilla/5.0 (Windows NT 6.3; Win64; x64) AppleWebKit/537.36 (KHTML, like Gecko) Chrome/83.0.4103.97 Safari/537.36"
"","2020/06/16 12:58:26","セグメントなし","","5","やや当てはまる","当てはまる","当てはまる","当てはまる","どちらでもない","どちらでもない","どちらでもない","どちらでもない","当てはまる","当てはまる","あまり当てはまらない","やや当てはまる","どちらでもない","やや当てはまる","当てはまる","当てはまる","どちらでもない","どちらでもない","当てはまる","当てはまる","やや当てはまる","当てはまる","当てはまる","当てはまる","当てはまらない","当てはまる","やや当てはまる","社会への貢献を実感できる環境で仕事をしたい","10年以上","女性","40～49歳","半年未満","プレイヤー（内勤系職種）","契約社員（嘱託社員やパート・アルバイトなどを含む）","中途","生産・製造部門","118.238.225.246","Mozilla/5.0 (Windows NT 10.0; Win64; x64) AppleWebKit/537.36 (KHTML, like Gecko) Chrome/70.0.3538.102 Safari/537.36 Edge/18.18363"
"","2020/06/16 12:08:28","セグメントなし","","6;職場での子育てへの配慮は完璧だと思います。少し人間関係で悩むところがあるので、6にしました。","やや当てはまる","当てはまる","やや当てはまる","やや当てはまる","やや当てはまる","どちらでもない","どちらでもない","当てはまる","どちらでもない","当てはまる","どちらでもない","どちらでもない","どちらでもない","当てはまる","当てはまる","当てはまる","どちらでもない","やや当てはまる","やや当てはまる","どちらでもない","当てはまる","当てはまる","どちらでもない","やや当てはまる","当てはまる","当てはまる","当てはまる","仕事とプライベートを両立しやすい環境で仕事をしたい","5年以上10年未満くらい","女性","40～49歳","5年以上～10年未満","その他","契約社員（嘱託社員やパート・アルバイトなどを含む）","中途","その他部門","118.238.225.246","Mozilla/5.0 (Windows NT 6.3; WOW64; Trident/7.0; rv:11.0) like Gecko"
"","2020/06/16 11:51:04","セグメントなし","","4;部門部署によって取り組んでいる業務が大きく異なる。また、労働環境も大きく違っていると認識している。おすすめしたい部署もあればそうでない部署もあるため。（自身が環境等を把握している部署はおすすめできる）","やや当てはまる","当てはまる","当てはまる","やや当てはまる","当てはまる","やや当てはまる","やや当てはまる","やや当てはまる","やや当てはまる","やや当てはまる","どちらでもない","あまり当てはまらない","やや当てはまる","どちらでもない","当てはまる","やや当てはまる","やや当てはまる","やや当てはまる","やや当てはまる","やや当てはまる","どちらでもない","当てはまる","やや当てはまる","どちらでもない","当てはまらない","やや当てはまる","あまり当てはまらない","自分の決めたやり方やペースを守れる環境で仕事をしたい","1年以上3年未満くらい","男性","20～29歳","5年以上～10年未満","プレイヤー（外勤系職種）","正社員","新卒","経理部門","221.91.243.145","Mozilla/5.0 (Windows NT 10.0; Win64; x64) AppleWebKit/537.36 (KHTML, like Gecko) Chrome/83.0.4103.97 Safari/537.36"
"","2020/06/16 11:50:33","セグメントなし","","5","あまり当てはまらない","やや当てはまる","あまり当てはまらない","どちらでもない","やや当てはまる","あまり当てはまらない","どちらでもない","どちらでもない","当てはまる","やや当てはまる","どちらでもない","どちらでもない","どちらでもない","やや当てはまる","どちらでもない","どちらでもない","どちらでもない","どちらでもない","どちらでもない","あまり当てはまらない","どちらでもない","当てはまる","どちらでもない","どちらでもない","当てはまる","当てはまる","やや当てはまる","先々を見通せる安定した環境で仕事をしたい","5年以上10年未満くらい","女性","40～49歳","10年以上～20年未満","プレイヤー（内勤系職種）","その他","中途","営業・販売部門（コンサルティングなどの顧客接点部門はこちらに含む）","118.238.225.246","Mozilla/5.0 (Windows NT 10.0; Win64; x64) AppleWebKit/537.36 (KHTML, like Gecko) Chrome/83.0.4103.97 Safari/537.36"
"","2020/06/16 11:39:50","セグメントなし","","4","当てはまる","あまり当てはまらない","やや当てはまる","あまり当てはまらない","やや当てはまる","当てはまらない","どちらでもない","当てはまる","当てはまる","当てはまる","当てはまる","やや当てはまる","あまり当てはまらない","あまり当てはまらない","あまり当てはまらない","当てはまる","当てはまる","やや当てはまる","あまり当てはまらない","やや当てはまる","やや当てはまる","やや当てはまる","どちらでもない","やや当てはまる","当てはまらない","やや当てはまる","やや当てはまる","自分の決めたやり方やペースを守れる環境で仕事をしたい","5年以上10年未満くらい","女性","30～39歳","10年以上～20年未満","プレイヤー（内勤系職種）","契約社員（嘱託社員やパート・アルバイトなどを含む）","中途","営業・販売部門（コンサルティングなどの顧客接点部門はこちらに含む）","118.238.225.246","Mozilla/5.0 (Windows NT 10.0; Win64; x64) AppleWebKit/537.36 (KHTML, like Gecko) Chrome/83.0.4103.97 Safari/537.36"
"","2020/06/16 11:38:16","セグメントなし","","6","やや当てはまる","やや当てはまる","どちらでもない","当てはまる","やや当てはまる","やや当てはまる","やや当てはまる","やや当てはまる","どちらでもない","やや当てはまる","やや当てはまる","どちらでもない","どちらでもない","やや当てはまる","やや当てはまる","やや当てはまる","やや当てはまる","どちらでもない","どちらでもない","やや当てはまる","あまり当てはまらない","やや当てはまる","やや当てはまる","どちらでもない","当てはまる","どちらでもない","どちらでもない","仕事とプライベートを両立しやすい環境で仕事をしたい","3年以上5年未満くらい","男性","20～29歳","3年以上～5年未満","プレイヤー（外勤系職種）","正社員","新卒","人事部門","118.238.225.246","Mozilla/5.0 (Windows NT 10.0; Win64; x64) AppleWebKit/537.36 (KHTML, like Gecko) Chrome/83.0.4103.106 Safari/537.36"
"","2020/06/16 11:34:42","セグメントなし","","6","当てはまる","やや当てはまる","やや当てはまる","どちらでもない","当てはまる","当てはまる","やや当てはまる","やや当てはまる","当てはまる","当てはまる","当てはまる","当てはまる","やや当てはまる","やや当てはまる","やや当てはまる","やや当てはまる","やや当てはまる","どちらでもない","やや当てはまる","当てはまる","どちらでもない","やや当てはまる","やや当てはまる","やや当てはまる","やや当てはまる","どちらでもない","やや当てはまる","特定分野の専門家・エキスパートとして仕事をしたい","10年以上","男性","30～39歳","3年以上～5年未満","プレイヤー（外勤系職種）","正社員","新卒","総務部門","221.91.243.145","Mozilla/5.0 (Windows NT 10.0; Win64; x64) AppleWebKit/537.36 (KHTML, like Gecko) Chrome/70.0.3538.102 Safari/537.36 Edge/18.18362"
"","2020/06/16 11:21:08","セグメントなし","","5;本人が判断できる説明は行う。","やや当てはまる","あまり当てはまらない","あまり当てはまらない","あまり当てはまらない","あまり当てはまらない","当てはまらない","あまり当てはまらない","あまり当てはまらない","どちらでもない","あまり当てはまらない","やや当てはまる","あまり当てはまらない","あまり当てはまらない","やや当てはまる","どちらでもない","あまり当てはまらない","あまり当てはまらない","やや当てはまる","あまり当てはまらない","当てはまらない","あまり当てはまらない","当てはまらない","あまり当てはまらない","どちらでもない","やや当てはまる","あまり当てはまらない","やや当てはまる","社会への貢献を実感できる環境で仕事をしたい","5年以上10年未満くらい","男性","40～49歳","10年以上～20年未満","プレイヤー（外勤系職種）","正社員","新卒","マーケティング部門（広報も含む）","118.238.225.246","Mozilla/5.0 (Windows NT 10.0; Win64; x64) AppleWebKit/537.36 (KHTML, like Gecko) Chrome/83.0.4103.97 Safari/537.36"
"","2020/06/16 11:20:04","セグメントなし","","5","当てはまらない","どちらでもない","どちらでもない","あまり当てはまらない","どちらでもない","やや当てはまる","どちらでもない","どちらでもない","やや当てはまる","どちらでもない","どちらでもない","あまり当てはまらない","やや当てはまる","どちらでもない","どちらでもない","どちらでもない","やや当てはまる","どちらでもない","どちらでもない","どちらでもない","どちらでもない","やや当てはまる","やや当てはまる","どちらでもない","やや当てはまる","どちらでもない","どちらでもない","特定分野の専門家・エキスパートとして仕事をしたい","3年以上5年未満くらい","男性","20～29歳","1年以上～3年未満","プレイヤー（外勤系職種）","正社員","新卒","技術・研究開発部門","118.238.225.246","Mozilla/5.0 (Windows NT 10.0; Win64; x64) AppleWebKit/537.36 (KHTML, like Gecko) Chrome/70.0.3538.102 Safari/537.36 Edge/18.18363"
"","2020/06/16 10:48:52","セグメントなし","","5","当てはまる","当てはまる","当てはまる","当てはまる","どちらでもない","あまり当てはまらない","やや当てはまる","やや当てはまる","あまり当てはまらない","どちらでもない","どちらでもない","やや当てはまる","やや当てはまる","やや当てはまる","やや当てはまる","やや当てはまる","やや当てはまる","やや当てはまる","やや当てはまる","やや当てはまる","どちらでもない","どちらでもない","あまり当てはまらない","どちらでもない","当てはまる","どちらでもない","あまり当てはまらない","特定分野の専門家・エキスパートとして仕事をしたい","10年以上","男性","40～49歳","10年以上～20年未満","主任／リーダー（外勤系職種）","正社員","中途","システム部門","153.230.249.134","Mozilla/5.0 (Windows NT 10.0; WOW64) AppleWebKit/537.36 (KHTML, like Gecko) Chrome/83.0.4103.97 Safari/537.36"
"","2020/06/16 10:47:39","セグメントなし","","4","当てはまらない","どちらでもない","どちらでもない","あまり当てはまらない","やや当てはまる","やや当てはまる","どちらでもない","どちらでもない","やや当てはまる","どちらでもない","やや当てはまる","どちらでもない","どちらでもない","やや当てはまる","どちらでもない","やや当てはまる","やや当てはまる","どちらでもない","やや当てはまる","やや当てはまる","どちらでもない","どちらでもない","あまり当てはまらない","あまり当てはまらない","やや当てはまる","どちらでもない","やや当てはまる","先々を見通せる安定した環境で仕事をしたい","半年以内くらい","女性","20～29歳","1年以上～3年未満","プレイヤー（外勤系職種）","正社員","新卒","マーケティング部門（広報も含む）","118.238.225.246","Mozilla/5.0 (Windows NT 10.0; Win64; x64) AppleWebKit/537.36 (KHTML, like Gecko) Chrome/70.0.3538.102 Safari/537.36 Edge/18.18362"
"","2020/06/16 10:43:09","セグメントなし","","2;業務がハードなため","やや当てはまる","やや当てはまる","あまり当てはまらない","どちらでもない","やや当てはまる","あまり当てはまらない","どちらでもない","あまり当てはまらない","当てはまる","やや当てはまる","どちらでもない","どちらでもない","やや当てはまる","どちらでもない","どちらでもない","やや当てはまる","やや当てはまる","どちらでもない","どちらでもない","どちらでもない","あまり当てはまらない","やや当てはまる","あまり当てはまらない","やや当てはまる","やや当てはまる","どちらでもない","どちらでもない","特定分野の専門家・エキスパートとして仕事をしたい","3年以上5年未満くらい","男性","30～39歳","5年以上～10年未満","プレイヤー（外勤系職種）","正社員","新卒","営業・販売部門（コンサルティングなどの顧客接点部門はこちらに含む）","118.238.225.246","Mozilla/5.0 (Windows NT 6.3; Win64; x64; rv:77.0) Gecko/20100101 Firefox/77.0"
"","2020/06/16 10:43:03","セグメントなし","","4;子育て期間は時間的に自由に働けたので、あまり感じなかったが、繁忙期に来られる派遣の方と比べると時給が見合わないような気がするから。","どちらでもない","やや当てはまる","どちらでもない","当てはまらない","当てはまらない","当てはまらない","当てはまらない","当てはまらない","やや当てはまる","どちらでもない","どちらでもない","当てはまらない","当てはまらない","どちらでもない","どちらでもない","あまり当てはまらない","あまり当てはまらない","あまり当てはまらない","どちらでもない","当てはまらない","当てはまらない","当てはまる","あまり当てはまらない","どちらでもない","当てはまる","あまり当てはまらない","やや当てはまる","先々を見通せる安定した環境で仕事をしたい","3年以上5年未満くらい","女性","50～59歳","10年以上～20年未満","プレイヤー（内勤系職種）","その他","中途","営業・販売部門（コンサルティングなどの顧客接点部門はこちらに含む）","118.238.225.246","Mozilla/5.0 (Windows NT 6.3; WOW64; Trident/7.0; MANMJS; rv:11.0) like Gecko"
"","2020/06/16 10:26:55","セグメントなし","","5","やや当てはまる","どちらでもない","どちらでもない","あまり当てはまらない","あまり当てはまらない","当てはまらない","当てはまらない","あまり当てはまらない","どちらでもない","どちらでもない","当てはまる","どちらでもない","あまり当てはまらない","やや当てはまる","当てはまらない","当てはまらない","あまり当てはまらない","当てはまらない","当てはまらない","当てはまらない","当てはまらない","やや当てはまる","どちらでもない","どちらでもない","当てはまらない","当てはまらない","当てはまらない","特定分野の専門家・エキスパートとして仕事をしたい","5年以上10年未満くらい","女性","50～59歳","3年以上～5年未満","プレイヤー（内勤系職種）","契約社員（嘱託社員やパート・アルバイトなどを含む）","中途","リサーチ部門","118.238.225.246","Mozilla/5.0 (Windows NT 10.0; Win64; x64) AppleWebKit/537.36 (KHTML, like Gecko) Chrome/83.0.4103.97 Safari/537.36 Edg/83.0.478.45"
"","2020/06/16 10:26:38","セグメントなし","","3","やや当てはまる","やや当てはまる","どちらでもない","どちらでもない","やや当てはまる","どちらでもない","どちらでもない","どちらでもない","やや当てはまる","やや当てはまる","どちらでもない","どちらでもない","どちらでもない","やや当てはまる","どちらでもない","どちらでもない","どちらでもない","どちらでもない","あまり当てはまらない","どちらでもない","どちらでもない","当てはまる","どちらでもない","どちらでもない","どちらでもない","やや当てはまる","どちらでもない","仕事とプライベートを両立しやすい環境で仕事をしたい","3年以上5年未満くらい","女性","30～39歳","1年以上～3年未満","プレイヤー（内勤系職種）","正社員","中途","営業・販売部門（コンサルティングなどの顧客接点部門はこちらに含む）","118.238.225.246","Mozilla/5.0 (Windows NT 10.0; Win64; x64) AppleWebKit/537.36 (KHTML, like Gecko) Chrome/83.0.4103.97 Safari/537.36"
"","2020/06/16 10:23:26","セグメントなし","","4;プライベートの友人・知人とはなれ合いにつながると困るので同じ職場で働きたいと思っていないため。","どちらでもない","どちらでもない","どちらでもない","やや当てはまる","どちらでもない","やや当てはまる","どちらでもない","どちらでもない","やや当てはまる","あまり当てはまらない","やや当てはまる","どちらでもない","どちらでもない","やや当てはまる","どちらでもない","どちらでもない","どちらでもない","どちらでもない","どちらでもない","あまり当てはまらない","どちらでもない","やや当てはまる","あまり当てはまらない","どちらでもない","やや当てはまる","やや当てはまる","やや当てはまる","仕事とプライベートを両立しやすい環境で仕事をしたい","1年以上3年未満くらい","女性","30～39歳","10年以上～20年未満","主任／リーダー（内勤系職種）","正社員","新卒","技術・研究開発部門","118.238.225.246","Mozilla/5.0 (Windows NT 10.0; WOW64; Trident/7.0; rv:11.0) like Gecko"
"","2020/06/16 10:19:46","セグメントなし","","6;人によってこの業界が向いているか、向いていないかの判断が難しい","やや当てはまる","やや当てはまる","やや当てはまる","やや当てはまる","やや当てはまる","どちらでもない","どちらでもない","あまり当てはまらない","あまり当てはまらない","あまり当てはまらない","どちらでもない","あまり当てはまらない","あまり当てはまらない","どちらでもない","どちらでもない","やや当てはまる","どちらでもない","やや当てはまる","どちらでもない","当てはまらない","当てはまらない","やや当てはまる","あまり当てはまらない","あまり当てはまらない","当てはまる","どちらでもない","あまり当てはまらない","特定分野の専門家・エキスパートとして仕事をしたい","5年以上10年未満くらい","男性","50～59歳","20年以上～","主任／リーダー（内勤系職種）","正社員","新卒","人事部門","118.238.225.246","Mozilla/5.0 (Windows NT 10.0; Trident/7.0; rv:11.0) like Gecko"
"","2020/06/16 10:08:57","セグメントなし","","4","どちらでもない","やや当てはまる","やや当てはまる","やや当てはまる","やや当てはまる","あまり当てはまらない","やや当てはまる","やや当てはまる","やや当てはまる","やや当てはまる","やや当てはまる","どちらでもない","あまり当てはまらない","やや当てはまる","やや当てはまる","当てはまる","やや当てはまる","やや当てはまる","どちらでもない","あまり当てはまらない","やや当てはまる","当てはまる","どちらでもない","当てはまらない","当てはまる","どちらでもない","あまり当てはまらない","特定分野の専門家・エキスパートとして仕事をしたい","3年以上5年未満くらい","男性","20～29歳","3年以上～5年未満","プレイヤー（外勤系職種）","正社員","新卒","営業・販売部門（コンサルティングなどの顧客接点部門はこちらに含む）","118.238.225.246","Mozilla/5.0 (Windows NT 10.0; Win64; x64) AppleWebKit/537.36 (KHTML, like Gecko) Chrome/83.0.4103.97 Safari/537.36"
"","2020/06/16 10:07:26","セグメントなし","","8","当てはまる","やや当てはまる","当てはまる","どちらでもない","当てはまる","当てはまる","どちらでもない","当てはまる","当てはまる","当てはまる","どちらでもない","どちらでもない","やや当てはまる","当てはまる","当てはまる","当てはまる","当てはまる","やや当てはまる","やや当てはまる","やや当てはまる","当てはまる","当てはまる","当てはまる","やや当てはまる","やや当てはまる","当てはまる","当てはまる","仕事とプライベートを両立しやすい環境で仕事をしたい","10年以上","女性","30～39歳","半年以上～1年未満","プレイヤー（内勤系職種）","正社員","中途","営業・販売部門（コンサルティングなどの顧客接点部門はこちらに含む）","118.238.225.246","Mozilla/5.0 (Windows NT 6.3; WOW64; Trident/7.0; rv:11.0) like Gecko"
"","2020/06/16 09:52:00","セグメントなし","","4;専門性の問題や、ハードワークに対して、特に別業界からの転職ということであれば厳しいと考えるため。","やや当てはまる","当てはまる","やや当てはまる","当てはまる","当てはまらない","やや当てはまる","当てはまる","やや当てはまる","やや当てはまる","やや当てはまる","やや当てはまる","やや当てはまる","どちらでもない","あまり当てはまらない","やや当てはまる","当てはまる","どちらでもない","やや当てはまる","当てはまる","やや当てはまる","やや当てはまる","やや当てはまる","あまり当てはまらない","あまり当てはまらない","当てはまる","どちらでもない","やや当てはまる","常に何か新しい仕事に取り組める環境で仕事をしたい","10年以上","男性","40～49歳","20年以上～","その他","正社員","新卒","営業・販売部門（コンサルティングなどの顧客接点部門はこちらに含む）","118.238.225.246","Mozilla/5.0 (Windows NT 10.0; Win64; x64) AppleWebKit/537.36 (KHTML, like Gecko) Chrome/83.0.4103.97 Safari/537.36"
"","2020/06/16 09:36:28","セグメントなし","","5;人によって合う合わないがあると思うので5点にしました。","どちらでもない","やや当てはまる","あまり当てはまらない","やや当てはまる","やや当てはまる","どちらでもない","当てはまる","当てはまる","やや当てはまる","やや当てはまる","どちらでもない","どちらでもない","やや当てはまる","やや当てはまる","どちらでもない","やや当てはまる","どちらでもない","どちらでもない","どちらでもない","やや当てはまる","どちらでもない","当てはまる","あまり当てはまらない","あまり当てはまらない","どちらでもない","どちらでもない","やや当てはまる","先々を見通せる安定した環境で仕事をしたい","1年以上3年未満くらい","女性","20～29歳","3年以上～5年未満","プレイヤー（内勤系職種）","正社員","新卒","マーケティング部門（広報も含む）","118.238.225.246","Mozilla/5.0 (Windows NT 10.0; Win64; x64) AppleWebKit/537.36 (KHTML, like Gecko) Chrome/70.0.3538.102 Safari/537.36 Edge/18.18363"
"","2020/06/16 09:35:52","セグメントなし","","5;向き不向きがあるので向いている（スキルがある）と思われる人には進める。","当てはまる","当てはまる","当てはまる","当てはまる","やや当てはまる","あまり当てはまらない","やや当てはまる","やや当てはまる","当てはまる","当てはまる","どちらでもない","どちらでもない","どちらでもない","やや当てはまる","やや当てはまる","やや当てはまる","どちらでもない","どちらでもない","どちらでもない","当てはまる","やや当てはまる","当てはまる","あまり当てはまらない","当てはまる","当てはまる","当てはまる","どちらでもない","先々を見通せる安定した環境で仕事をしたい","10年以上","女性","40～49歳","5年以上～10年未満","プレイヤー（内勤系職種）","正社員","中途","マーケティング部門（広報も含む）","118.238.225.246","Mozilla/5.0 (Windows NT 10.0; Win64; x64) AppleWebKit/537.36 (KHTML, like Gecko) Chrome/83.0.4103.97 Safari/537.36"
"","2020/06/16 09:33:00","セグメントなし","","5;検討される人次第で変わるのでとりあえず中間。","やや当てはまる","どちらでもない","どちらでもない","当てはまる","どちらでもない","あまり当てはまらない","やや当てはまる","やや当てはまる","どちらでもない","当てはまる","当てはまる","どちらでもない","あまり当てはまらない","どちらでもない","あまり当てはまらない","やや当てはまる","どちらでもない","どちらでもない","どちらでもない","やや当てはまる","どちらでもない","あまり当てはまらない","あまり当てはまらない","やや当てはまる","当てはまらない","どちらでもない","あまり当てはまらない","常に何か新しい仕事に取り組める環境で仕事をしたい","5年以上10年未満くらい","男性","50～59歳","20年以上～","課長（複数のチームのマネジメント）","正社員","新卒","経理部門","118.238.225.246","Mozilla/5.0 (Windows NT 10.0; Win64; x64) AppleWebKit/537.36 (KHTML, like Gecko) Chrome/70.0.3538.102 Safari/537.36 Edge/18.18362"
"","2020/06/16 09:31:05","セグメントなし","","2;地に足をつけていない要求が多く、のびのびできる環境ではない。息苦しいと感じることが多い。","やや当てはまる","当てはまらない","当てはまらない","やや当てはまる","どちらでもない","あまり当てはまらない","やや当てはまる","やや当てはまる","やや当てはまる","やや当てはまる","やや当てはまる","あまり当てはまらない","あまり当てはまらない","どちらでもない","どちらでもない","やや当てはまる","あまり当てはまらない","あまり当てはまらない","あまり当てはまらない","当てはまらない","当てはまらない","当てはまらない","当てはまらない","当てはまらない","やや当てはまる","当てはまらない","どちらでもない","仕事とプライベートを両立しやすい環境で仕事をしたい","半年以内くらい","男性","30～39歳","5年以上～10年未満","主任／リーダー（内勤系職種）","正社員","新卒","生産・製造部門","118.238.225.246","Mozilla/5.0 (Windows NT 10.0; Win64; x64) AppleWebKit/537.36 (KHTML, like Gecko) Chrome/70.0.3538.102 Safari/537.36 Edge/18.18363"
"","2020/06/16 09:30:35","セグメントなし","","6","どちらでもない","当てはまる","やや当てはまる","やや当てはまる","やや当てはまる","どちらでもない","やや当てはまる","やや当てはまる","やや当てはまる","やや当てはまる","やや当てはまる","やや当てはまる","あまり当てはまらない","やや当てはまる","どちらでもない","やや当てはまる","やや当てはまる","やや当てはまる","やや当てはまる","どちらでもない","あまり当てはまらない","やや当てはまる","あまり当てはまらない","どちらでもない","当てはまる","やや当てはまる","どちらでもない","常に何か新しい仕事に取り組める環境で仕事をしたい","5年以上10年未満くらい","男性","40～49歳","10年以上～20年未満","プレイヤー（外勤系職種）","正社員","中途","技術・研究開発部門","118.238.225.246","Mozilla/5.0 (Windows NT 10.0; Win64; x64) AppleWebKit/537.36 (KHTML, like Gecko) Chrome/83.0.4103.97 Safari/537.36"
"","2020/06/16 09:25:51","セグメントなし","","6","やや当てはまる","当てはまる","どちらでもない","やや当てはまる","当てはまる","あまり当てはまらない","どちらでもない","どちらでもない","やや当てはまる","やや当てはまる","あまり当てはまらない","あまり当てはまらない","やや当てはまる","やや当てはまる","当てはまる","当てはまる","どちらでもない","やや当てはまる","やや当てはまる","やや当てはまる","やや当てはまる","やや当てはまる","やや当てはまる","やや当てはまる","やや当てはまる","やや当てはまる","やや当てはまる","仕事とプライベートを両立しやすい環境で仕事をしたい","5年以上10年未満くらい","男性","20～29歳","1年以上～3年未満","プレイヤー（外勤系職種）","正社員","新卒","営業・販売部門（コンサルティングなどの顧客接点部門はこちらに含む）","118.238.225.246","Mozilla/5.0 (Windows NT 10.0; Win64; x64) AppleWebKit/537.36 (KHTML, like Gecko) Chrome/70.0.3538.102 Safari/537.36 Edge/18.18362"
"","2020/06/16 09:20:39","セグメントなし","","4;自分の職種を考えると取り組むべきことが多くやりがいはあるが、色々折り合いの付け方が難しいため進めにくい。","どちらでもない","あまり当てはまらない","あまり当てはまらない","あまり当てはまらない","あまり当てはまらない","どちらでもない","あまり当てはまらない","あまり当てはまらない","どちらでもない","どちらでもない","どちらでもない","やや当てはまる","あまり当てはまらない","やや当てはまる","あまり当てはまらない","やや当てはまる","どちらでもない","どちらでもない","やや当てはまる","どちらでもない","あまり当てはまらない","やや当てはまる","あまり当てはまらない","どちらでもない","やや当てはまる","やや当てはまる","やや当てはまる","常に何か新しい仕事に取り組める環境で仕事をしたい","3年以上5年未満くらい","女性","40～49歳","5年以上～10年未満","プレイヤー（内勤系職種）","正社員","中途","技術・研究開発部門","118.238.225.246","Mozilla/5.0 (Windows NT 6.3; Win64; x64) AppleWebKit/537.36 (KHTML, like Gecko) Chrome/83.0.4103.97 Safari/537.36"
"","2020/06/16 09:17:14","セグメントなし","","7;主に、人間関係の面で満足しているため。","やや当てはまる","当てはまる","当てはまる","どちらでもない","やや当てはまる","やや当てはまる","やや当てはまる","やや当てはまる","当てはまる","当てはまる","やや当てはまる","どちらでもない","どちらでもない","やや当てはまる","やや当てはまる","やや当てはまる","どちらでもない","当てはまる","やや当てはまる","どちらでもない","やや当てはまる","やや当てはまる","やや当てはまる","やや当てはまる","どちらでもない","どちらでもない","当てはまる","仕事とプライベートを両立しやすい環境で仕事をしたい","10年以上","男性","20～29歳","5年以上～10年未満","プレイヤー（外勤系職種）","正社員","新卒","営業・販売部門（コンサルティングなどの顧客接点部門はこちらに含む）","118.238.225.246","Mozilla/5.0 (Windows NT 10.0; Win64; x64) AppleWebKit/537.36 (KHTML, like Gecko) Chrome/70.0.3538.102 Safari/537.36 Edge/18.18363"
"","2020/06/16 09:16:03","セグメントなし","","7;業務内容の社会的意義を高く評価しているから。
（職場環境や雇用条件等は良い点・悪い点ともにあると思うので、働く人の条件に合っているかどうかがポイントなので一概には言えない。）","やや当てはまる","当てはまる","当てはまる","やや当てはまる","やや当てはまる","当てはまらない","当てはまらない","あまり当てはまらない","どちらでもない","どちらでもない","どちらでもない","やや当てはまる","やや当てはまる","当てはまる","どちらでもない","やや当てはまる","あまり当てはまらない","どちらでもない","当てはまらない","当てはまらない","当てはまらない","当てはまる","あまり当てはまらない","どちらでもない","あまり当てはまらない","どちらでもない","やや当てはまる","先々を見通せる安定した環境で仕事をしたい","5年以上10年未満くらい","女性","50～59歳","10年以上～20年未満","プレイヤー（内勤系職種）","その他","中途","営業・販売部門（コンサルティングなどの顧客接点部門はこちらに含む）","118.238.225.246","Mozilla/5.0 (Windows NT 10.0; Win64; x64) AppleWebKit/537.36 (KHTML, like Gecko) Chrome/70.0.3538.102 Safari/537.36 Edge/18.18363"
"","2020/06/16 09:15:41","セグメントなし","","0;友人・知人と職場を共にしたくない。","あまり当てはまらない","どちらでもない","どちらでもない","あまり当てはまらない","あまり当てはまらない","どちらでもない","あまり当てはまらない","当てはまらない","どちらでもない","やや当てはまる","どちらでもない","当てはまらない","当てはまらない","どちらでもない","あまり当てはまらない","あまり当てはまらない","どちらでもない","当てはまらない","どちらでもない","あまり当てはまらない","あまり当てはまらない","どちらでもない","あまり当てはまらない","あまり当てはまらない","やや当てはまる","どちらでもない","やや当てはまる","常に何か新しい仕事に取り組める環境で仕事をしたい","5年以上10年未満くらい","男性","50～59歳","20年以上～","部長（複数の課のマネジメント）","正社員","新卒","リサーチ部門","118.238.225.246","Mozilla/5.0 (Windows NT 10.0; Win64; x64) AppleWebKit/537.36 (KHTML, like Gecko) Chrome/83.0.4103.97 Safari/537.36"
"","2020/06/16 09:12:27","セグメントなし","","3;経営陣の大会社的行動と一般社員の業務とのギャップが有り過ぎと感じております。","どちらでもない","あまり当てはまらない","どちらでもない","当てはまる","当てはまらない","当てはまらない","当てはまらない","やや当てはまる","どちらでもない","あまり当てはまらない","どちらでもない","やや当てはまる","やや当てはまる","やや当てはまる","やや当てはまる","当てはまらない","当てはまらない","当てはまらない","当てはまらない","当てはまらない","やや当てはまる","当てはまる","どちらでもない","どちらでもない","当てはまらない","どちらでもない","あまり当てはまらない","仕事とプライベートを両立しやすい環境で仕事をしたい","半年以上1年未満くらい","男性","60歳以上","5年以上～10年未満","プレイヤー（内勤系職種）","契約社員（嘱託社員やパート・アルバイトなどを含む）","中途","営業・販売部門（コンサルティングなどの顧客接点部門はこちらに含む）","118.238.225.246","Mozilla/5.0 (Windows NT 10.0) AppleWebKit/537.36 (KHTML, like Gecko) Chrome/70.0.3538.102 Safari/537.36 Edge/18.18363"
"","2020/06/16 09:11:46","セグメントなし","","6","やや当てはまる","やや当てはまる","やや当てはまる","あまり当てはまらない","当てはまる","どちらでもない","やや当てはまる","当てはまる","当てはまる","当てはまる","やや当てはまる","どちらでもない","やや当てはまる","当てはまる","どちらでもない","やや当てはまる","当てはまる","どちらでもない","当てはまる","やや当てはまる","当てはまる","当てはまる","やや当てはまる","やや当てはまる","やや当てはまる","やや当てはまる","どちらでもない","仕事とプライベートを両立しやすい環境で仕事をしたい","3年以上5年未満くらい","女性","50～59歳","3年以上～5年未満","プレイヤー（内勤系職種）","正社員","中途","経理部門","118.238.225.246","Mozilla/5.0 (Windows NT 6.3; WOW64; Trident/7.0; MALCJS; rv:11.0) like Gecko"
"","2020/06/16 09:05:42","セグメントなし","","5","やや当てはまる","当てはまる","当てはまる","当てはまる","やや当てはまる","当てはまらない","どちらでもない","当てはまる","やや当てはまる","当てはまる","やや当てはまる","やや当てはまる","やや当てはまる","当てはまる","やや当てはまる","やや当てはまる","やや当てはまる","やや当てはまる","やや当てはまる","どちらでもない","当てはまる","当てはまる","やや当てはまる","どちらでもない","当てはまる","当てはまる","やや当てはまる","常に何か新しい仕事に取り組める環境で仕事をしたい","10年以上","女性","40～49歳","1年以上～3年未満","プレイヤー（内勤系職種）","契約社員（嘱託社員やパート・アルバイトなどを含む）","中途","その他部門","118.238.225.246","Mozilla/5.0 (Windows NT 6.3; Win64; x64) AppleWebKit/537.36 (KHTML, like Gecko) Chrome/83.0.4103.97 Safari/537.36"
"","2020/06/16 09:04:45","セグメントなし","","6;親しい友人や知人と一緒に仕事ができれば楽しいと思うし、業務内容について、私は良いと思っているからおすすめはしたい。あくまで決めるのは本人だから強く勧めることはしない。","やや当てはまる","どちらでもない","どちらでもない","どちらでもない","やや当てはまる","どちらでもない","どちらでもない","どちらでもない","やや当てはまる","やや当てはまる","どちらでもない","どちらでもない","どちらでもない","どちらでもない","やや当てはまる","やや当てはまる","どちらでもない","どちらでもない","やや当てはまる","どちらでもない","やや当てはまる","どちらでもない","どちらでもない","どちらでもない","どちらでもない","どちらでもない","やや当てはまる","特定分野の専門家・エキスパートとして仕事をしたい","5年以上10年未満くらい","女性","20～29歳","半年未満","プレイヤー（外勤系職種）","正社員","新卒","営業・販売部門（コンサルティングなどの顧客接点部門はこちらに含む）","118.238.225.246","Mozilla/5.0 (Windows NT 10.0; Win64; x64) AppleWebKit/537.36 (KHTML, like Gecko) Chrome/70.0.3538.102 Safari/537.36 Edge/18.18363"
"","2020/06/16 09:01:28","セグメントなし","","3;残業時間が多い","当てはまる","あまり当てはまらない","あまり当てはまらない","どちらでもない","やや当てはまる","やや当てはまる","どちらでもない","どちらでもない","当てはまる","あまり当てはまらない","あまり当てはまらない","あまり当てはまらない","あまり当てはまらない","どちらでもない","やや当てはまる","どちらでもない","どちらでもない","あまり当てはまらない","どちらでもない","どちらでもない","どちらでもない","あまり当てはまらない","あまり当てはまらない","当てはまらない","やや当てはまる","どちらでもない","どちらでもない","仕事とプライベートを両立しやすい環境で仕事をしたい","1年以上3年未満くらい","女性","20～29歳","1年以上～3年未満","プレイヤー（外勤系職種）","正社員","新卒","生産・製造部門","118.238.225.246","Mozilla/5.0 (Windows NT 10.0; Win64; x64) AppleWebKit/537.36 (KHTML, like Gecko) Chrome/81.0.4044.113 Safari/537.36 Edg/81.0.416.62"
"","2020/06/16 08:54:59","セグメントなし","","3;転職により働いている方が多くない。","あまり当てはまらない","どちらでもない","どちらでもない","当てはまる","やや当てはまる","どちらでもない","どちらでもない","やや当てはまる","当てはまる","やや当てはまる","やや当てはまる","やや当てはまる","どちらでもない","やや当てはまる","どちらでもない","当てはまる","やや当てはまる","やや当てはまる","やや当てはまる","やや当てはまる","あまり当てはまらない","どちらでもない","当てはまらない","あまり当てはまらない","やや当てはまる","どちらでもない","どちらでもない","難しい仕事にチャレンジできる環境で仕事をしたい","1年以上3年未満くらい","男性","40～49歳","10年以上～20年未満","主任／リーダー（内勤系職種）","正社員","新卒","経理部門","118.238.225.246","Mozilla/5.0 (Windows NT 10.0; Win64; x64) AppleWebKit/537.36 (KHTML, like Gecko) Chrome/70.0.3538.102 Safari/537.36 Edge/18.18362"
"","2020/06/16 08:50:35","セグメントなし","","5","あまり当てはまらない","どちらでもない","どちらでもない","当てはまらない","どちらでもない","どちらでもない","どちらでもない","どちらでもない","当てはまる","やや当てはまる","どちらでもない","どちらでもない","やや当てはまる","やや当てはまる","どちらでもない","あまり当てはまらない","どちらでもない","あまり当てはまらない","どちらでもない","当てはまらない","どちらでもない","どちらでもない","あまり当てはまらない","あまり当てはまらない","あまり当てはまらない","あまり当てはまらない","どちらでもない","自分の決めたやり方やペースを守れる環境で仕事をしたい","3年以上5年未満くらい","女性","50～59歳","10年以上～20年未満","主任／リーダー（内勤系職種）","正社員","中途","総務部門","118.238.225.246","Mozilla/5.0 (Windows NT 10.0; Win64; x64) AppleWebKit/537.36 (KHTML, like Gecko) Chrome/83.0.4103.97 Safari/537.36"
"","2020/06/16 08:50:34","セグメントなし","","6","やや当てはまる","やや当てはまる","やや当てはまる","やや当てはまる","やや当てはまる","やや当てはまる","どちらでもない","どちらでもない","やや当てはまる","やや当てはまる","やや当てはまる","どちらでもない","やや当てはまる","当てはまる","やや当てはまる","やや当てはまる","やや当てはまる","やや当てはまる","やや当てはまる","当てはまる","どちらでもない","どちらでもない","やや当てはまる","やや当てはまる","やや当てはまる","やや当てはまる","やや当てはまる","特定分野の専門家・エキスパートとして仕事をしたい","5年以上10年未満くらい","男性","20～29歳","半年未満","プレイヤー（外勤系職種）","正社員","新卒","営業・販売部門（コンサルティングなどの顧客接点部門はこちらに含む）","118.238.225.246","Mozilla/5.0 (Windows NT 10.0; WOW64; Trident/7.0; rv:11.0) like Gecko"
"","2020/06/16 08:50:33","セグメントなし","","7","やや当てはまる","やや当てはまる","やや当てはまる","やや当てはまる","当てはまる","やや当てはまる","やや当てはまる","やや当てはまる","やや当てはまる","当てはまる","やや当てはまる","やや当てはまる","やや当てはまる","やや当てはまる","やや当てはまる","やや当てはまる","当てはまる","やや当てはまる","やや当てはまる","やや当てはまる","やや当てはまる","どちらでもない","どちらでもない","やや当てはまる","やや当てはまる","どちらでもない","やや当てはまる","先々を見通せる安定した環境で仕事をしたい","10年以上","女性","30～39歳","1年以上～3年未満","プレイヤー（外勤系職種）","正社員","中途","総務部門","118.238.225.246","Mozilla/5.0 (Windows NT 6.3; WOW64; Trident/7.0; MANMJS; rv:11.0) like Gecko"
"","2020/06/16 08:50:06","セグメントなし","","2;福利厚生が充実していない","どちらでもない","あまり当てはまらない","あまり当てはまらない","当てはまらない","当てはまる","当てはまらない","どちらでもない","やや当てはまる","やや当てはまる","当てはまる","当てはまる","当てはまる","当てはまらない","やや当てはまる","当てはまる","当てはまる","当てはまる","やや当てはまる","やや当てはまる","やや当てはまる","あまり当てはまらない","当てはまる","当てはまらない","あまり当てはまらない","当てはまる","どちらでもない","当てはまらない","常に何か新しい仕事に取り組める環境で仕事をしたい","1年以上3年未満くらい","男性","20～29歳","1年以上～3年未満","プレイヤー（外勤系職種）","正社員","新卒","営業・販売部門（コンサルティングなどの顧客接点部門はこちらに含む）","118.238.225.246","Mozilla/5.0 (Windows NT 10.0; Win64; x64; rv:77.0) Gecko/20100101 Firefox/77.0"
"","2020/06/16 08:41:05","セグメントなし","","3;業種の専門性が高いため、本人が相当のやる気がある場合に勧める。","やや当てはまる","やや当てはまる","どちらでもない","やや当てはまる","やや当てはまる","やや当てはまる","どちらでもない","どちらでもない","当てはまる","やや当てはまる","どちらでもない","やや当てはまる","当てはまる","当てはまる","やや当てはまる","当てはまる","当てはまる","やや当てはまる","やや当てはまる","当てはまる","やや当てはまる","当てはまる","やや当てはまる","あまり当てはまらない","当てはまる","当てはまる","やや当てはまる","責任ある立場で組織を動かすような仕事をしたい","10年以上","男性","30～39歳","5年以上～10年未満","主任／リーダー（内勤系職種）","正社員","新卒","総務部門","118.238.225.246","Mozilla/5.0 (Windows NT 10.0; Win64; x64; rv:77.0) Gecko/20100101 Firefox/77.0"
"","2020/06/16 08:40:34","セグメントなし","","5;本人が望まなければ特別に薦めようとは思わない","やや当てはまる","どちらでもない","どちらでもない","あまり当てはまらない","あまり当てはまらない","当てはまる","どちらでもない","やや当てはまる","やや当てはまる","どちらでもない","どちらでもない","あまり当てはまらない","あまり当てはまらない","やや当てはまる","当てはまらない","やや当てはまる","どちらでもない","やや当てはまる","どちらでもない","あまり当てはまらない","あまり当てはまらない","当てはまらない","当てはまらない","あまり当てはまらない","当てはまる","やや当てはまる","あまり当てはまらない","自分の決めたやり方やペースを守れる環境で仕事をしたい","1年以上3年未満くらい","男性","20～29歳","1年以上～3年未満","プレイヤー（外勤系職種）","正社員","新卒","マーケティング部門（広報も含む）","118.238.225.246","Mozilla/5.0 (Windows NT 10.0; Win64; x64) AppleWebKit/537.36 (KHTML, like Gecko) Chrome/70.0.3538.102 Safari/537.36 Edge/18.18362"
"","2020/06/16 08:09:15","セグメントなし","","6","やや当てはまる","やや当てはまる","やや当てはまる","どちらでもない","当てはまる","どちらでもない","当てはまる","当てはまる","当てはまる","当てはまる","やや当てはまる","どちらでもない","やや当てはまる","当てはまる","どちらでもない","やや当てはまる","当てはまる","やや当てはまる","あまり当てはまらない","やや当てはまる","やや当てはまる","やや当てはまる","やや当てはまる","どちらでもない","やや当てはまる","やや当てはまる","やや当てはまる","仕事とプライベートを両立しやすい環境で仕事をしたい","3年以上5年未満くらい","女性","50～59歳","3年以上～5年未満","プレイヤー（内勤系職種）","正社員","中途","営業・販売部門（コンサルティングなどの顧客接点部門はこちらに含む）","118.238.225.246","Mozilla/5.0 (Windows NT 6.3; WOW64; Trident/7.0; MALCJS; rv:11.0) like Gecko"
"","2020/06/16 06:44:54","セグメントなし","","5;その人の価値観によるから","当てはまる","どちらでもない","どちらでもない","やや当てはまる","どちらでもない","どちらでもない","やや当てはまる","やや当てはまる","やや当てはまる","やや当てはまる","やや当てはまる","やや当てはまる","どちらでもない","やや当てはまる","やや当てはまる","やや当てはまる","やや当てはまる","やや当てはまる","やや当てはまる","やや当てはまる","どちらでもない","どちらでもない","あまり当てはまらない","どちらでもない","あまり当てはまらない","あまり当てはまらない","どちらでもない","自分の決めたやり方やペースを守れる環境で仕事をしたい","1年以上3年未満くらい","男性","50～59歳","20年以上～","部長（複数の課のマネジメント）","正社員","新卒","技術・研究開発部門","118.238.225.246","Mozilla/5.0 (Windows NT 10.0; WOW64; Trident/7.0; rv:11.0) like Gecko"
"","2020/06/15 21:09:22","セグメントなし","","6","やや当てはまる","やや当てはまる","やや当てはまる","どちらでもない","当てはまる","やや当てはまる","やや当てはまる","当てはまる","当てはまる","当てはまる","やや当てはまる","あまり当てはまらない","どちらでもない","どちらでもない","当てはまる","当てはまる","当てはまる","当てはまる","当てはまる","やや当てはまる","あまり当てはまらない","やや当てはまる","あまり当てはまらない","やや当てはまる","どちらでもない","やや当てはまる","どちらでもない","常に何か新しい仕事に取り組める環境で仕事をしたい","10年以上","その他","40～49歳","20年以上～","課長（複数のチームのマネジメント）","正社員","中途","経理部門","118.238.225.246","Mozilla/5.0 (Windows NT 10.0; Win64; x64) AppleWebKit/537.36 (KHTML, like Gecko) Chrome/83.0.4103.97 Safari/537.36"
"","2020/06/15 21:02:41","セグメントなし","","7;職場環境に不満はなく、内容にやりがいを感じているためその点はすすめたい。
ただ、潮汐や天候による現場日程の急な変更があるので、必ずしも暦通りの休みが取れるとは限らないため、予定が立てづらい面もある。家族がいるとさらにその部分のデメリットは強く感じる。","当てはまる","どちらでもない","やや当てはまる","どちらでもない","当てはまる","当てはまる","当てはまる","当てはまる","当てはまる","当てはまる","やや当てはまる","やや当てはまる","やや当てはまる","当てはまる","やや当てはまる","当てはまる","当てはまる","当てはまる","当てはまる","当てはまる","やや当てはまる","やや当てはまる","あまり当てはまらない","やや当てはまる","当てはまる","やや当てはまる","当てはまる","仕事とプライベートを両立しやすい環境で仕事をしたい","5年以上10年未満くらい","男性","20～29歳","5年以上～10年未満","プレイヤー（外勤系職種）","正社員","新卒","経理部門","118.238.225.246","Mozilla/5.0 (Windows NT 10.0; Win64; x64) AppleWebKit/537.36 (KHTML, like Gecko) Chrome/83.0.4103.97 Safari/537.36"
"","2020/06/15 20:48:07","セグメントなし","","5;（その人の意向によるというのもあるが）好きな仕事ができるが、先行きは不透明だし、儲かる仕事でもない。","やや当てはまる","やや当てはまる","やや当てはまる","やや当てはまる","あまり当てはまらない","どちらでもない","やや当てはまる","やや当てはまる","やや当てはまる","やや当てはまる","どちらでもない","どちらでもない","どちらでもない","どちらでもない","やや当てはまる","どちらでもない","やや当てはまる","どちらでもない","やや当てはまる","どちらでもない","どちらでもない","やや当てはまる","どちらでもない","やや当てはまる","当てはまる","どちらでもない","どちらでもない","社会への貢献を実感できる環境で仕事をしたい","10年以上","男性","50～59歳","20年以上～","主任／リーダー（内勤系職種）","正社員","新卒","営業・販売部門（コンサルティングなどの顧客接点部門はこちらに含む）","118.238.225.246","Mozilla/5.0 (Windows NT 10.0; Win64; x64) AppleWebKit/537.36 (KHTML, like Gecko) Chrome/83.0.4103.97 Safari/537.36"
"","2020/06/15 20:09:10","セグメントなし","","1;うちのような会社で喜んで働くような友人・知人は思い当たらない。
（社風・待遇・制度等の業種を除く面で）
","あまり当てはまらない","当てはまらない","当てはまらない","どちらでもない","どちらでもない","あまり当てはまらない","どちらでもない","どちらでもない","あまり当てはまらない","あまり当てはまらない","やや当てはまる","やや当てはまる","どちらでもない","やや当てはまる","当てはまらない","どちらでもない","どちらでもない","当てはまらない","どちらでもない","あまり当てはまらない","あまり当てはまらない","あまり当てはまらない","当てはまらない","あまり当てはまらない","やや当てはまる","どちらでもない","どちらでもない","社会への貢献を実感できる環境で仕事をしたい","1年以上3年未満くらい","女性","30～39歳","5年以上～10年未満","プレイヤー（外勤系職種）","正社員","新卒","営業・販売部門（コンサルティングなどの顧客接点部門はこちらに含む）","118.238.225.246","Mozilla/5.0 (Windows NT 6.3; WOW64; Trident/7.0; MANMJS; rv:11.0) like Gecko"
"","2020/06/15 19:46:39","セグメントなし","","6","どちらでもない","あまり当てはまらない","やや当てはまる","あまり当てはまらない","やや当てはまる","あまり当てはまらない","当てはまらない","当てはまらない","やや当てはまる","どちらでもない","やや当てはまる","どちらでもない","どちらでもない","やや当てはまる","あまり当てはまらない","当てはまらない","あまり当てはまらない","当てはまらない","当てはまらない","当てはまらない","あまり当てはまらない","当てはまらない","当てはまらない","当てはまらない","当てはまる","あまり当てはまらない","あまり当てはまらない","仕事とプライベートを両立しやすい環境で仕事をしたい","1年以上3年未満くらい","女性","30～39歳","10年以上～20年未満","プレイヤー（外勤系職種）","正社員","新卒","営業・販売部門（コンサルティングなどの顧客接点部門はこちらに含む）","118.238.225.246","Mozilla/5.0 (Windows NT 10.0; Win64; x64; rv:77.0) Gecko/20100101 Firefox/77.0"
"","2020/06/15 19:43:53","セグメントなし","","6;他社の状況(特に人間関係)を聞く限り、だいぶ当社の方が良く感じるため。","やや当てはまる","あまり当てはまらない","あまり当てはまらない","やや当てはまる","あまり当てはまらない","どちらでもない","あまり当てはまらない","あまり当てはまらない","やや当てはまる","やや当てはまる","当てはまる","どちらでもない","どちらでもない","やや当てはまる","あまり当てはまらない","やや当てはまる","あまり当てはまらない","あまり当てはまらない","どちらでもない","どちらでもない","どちらでもない","あまり当てはまらない","どちらでもない","どちらでもない","どちらでもない","あまり当てはまらない","やや当てはまる","仕事とプライベートを両立しやすい環境で仕事をしたい","3年以上5年未満くらい","男性","30～39歳","10年以上～20年未満","主任／リーダー（外勤系職種）","正社員","新卒","技術・研究開発部門","118.238.225.246","Mozilla/5.0 (Windows NT 10.0; WOW64; Trident/7.0; rv:11.0) like Gecko"
"","2020/06/15 19:39:20","セグメントなし","","5","あまり当てはまらない","やや当てはまる","やや当てはまる","あまり当てはまらない","どちらでもない","やや当てはまる","どちらでもない","どちらでもない","どちらでもない","当てはまる","どちらでもない","どちらでもない","やや当てはまる","当てはまる","やや当てはまる","あまり当てはまらない","どちらでもない","あまり当てはまらない","あまり当てはまらない","どちらでもない","どちらでもない","あまり当てはまらない","どちらでもない","どちらでもない","どちらでもない","やや当てはまる","どちらでもない","特定分野の専門家・エキスパートとして仕事をしたい","3年以上5年未満くらい","男性","20～29歳","3年以上～5年未満","プレイヤー（内勤系職種）","契約社員（嘱託社員やパート・アルバイトなどを含む）","新卒","生産・製造部門","219.115.68.111","Mozilla/5.0 (Macintosh; Intel Mac OS X 10_13_6) AppleWebKit/605.1.15 (KHTML, like Gecko) Version/13.1 Safari/605.1.15"
"","2020/06/15 19:36:41","セグメントなし","","5;「こうありたい」という意思が無いと、やりがいを感じないかもしれないため。","やや当てはまる","どちらでもない","あまり当てはまらない","やや当てはまる","当てはまる","やや当てはまる","やや当てはまる","あまり当てはまらない","当てはまる","当てはまる","どちらでもない","どちらでもない","どちらでもない","当てはまる","やや当てはまる","やや当てはまる","どちらでもない","どちらでもない","やや当てはまる","どちらでもない","やや当てはまる","あまり当てはまらない","やや当てはまる","当てはまらない","当てはまる","あまり当てはまらない","やや当てはまる","仕事とプライベートを両立しやすい環境で仕事をしたい","5年以上10年未満くらい","男性","30～39歳","5年以上～10年未満","プレイヤー（内勤系職種）","正社員","新卒","生産・製造部門","118.238.225.246","Mozilla/5.0 (Windows NT 10.0; Win64; x64) AppleWebKit/537.36 (KHTML, like Gecko) Chrome/70.0.3538.102 Safari/537.36 Edge/18.18363"
"","2020/06/15 19:36:10","セグメントなし","","5","やや当てはまる","当てはまる","やや当てはまる","やや当てはまる","どちらでもない","やや当てはまる","当てはまる","やや当てはまる","どちらでもない","やや当てはまる","どちらでもない","やや当てはまる","やや当てはまる","やや当てはまる","やや当てはまる","どちらでもない","どちらでもない","やや当てはまる","やや当てはまる","やや当てはまる","やや当てはまる","やや当てはまる","どちらでもない","どちらでもない","当てはまる","どちらでもない","やや当てはまる","先々を見通せる安定した環境で仕事をしたい","5年以上10年未満くらい","男性","50～59歳","20年以上～","取締役／役員","正社員","新卒","リサーチ部門","118.238.225.246","Mozilla/5.0 (Windows NT 10.0; Win64; x64) AppleWebKit/537.36 (KHTML, like Gecko) Chrome/83.0.4103.97 Safari/537.36"
